,Player,Pos,Age,Tm,G,GS,MP,FG,FGA,FG%,3P,3PA,3P%,2P,2PA,2P%,eFG%,FT,FTA,FT%,ORB,DRB,TRB,AST,STL,BLK,TOV,PF,PTS,Salary,Conference,Age_Group
0,Quincy Acy,PF,27,BRK,70,8,19.4,1.9,5.2,0.35600000000000004,1.5,4.2,0.349,0.4,1.0,0.384,0.496,0.7,0.9,0.8170000000000001,0.6,3.1,3.7,0.8,0.5,0.4,0.9,2.1,5.9,1709538.0,East,27-30
1,Jarrett Allen,C,19,BRK,72,31,20.0,3.3,5.5,0.589,0.1,0.2,0.33299999999999996,3.2,5.3,0.599,0.596,1.6,2.0,0.7759999999999999,2.0,3.4,5.4,0.7,0.4,1.2,1.1,2.0,8.2,1713720.0,East,18-21
2,DeMarre Carroll,PF,31,BRK,73,73,29.9,4.5,10.8,0.414,2.0,5.4,0.371,2.5,5.4,0.457,0.506,2.6,3.4,0.764,1.4,5.1,6.6,2.0,0.8,0.4,1.4,2.3,13.5,14800000.0,East,30-33
3,Allen Crabbe,SG,25,BRK,75,68,29.3,4.5,11.0,0.40700000000000003,2.7,7.1,0.37799999999999995,1.8,3.9,0.461,0.529,1.5,1.8,0.852,0.4,3.9,4.3,1.6,0.6,0.5,1.0,2.2,13.2,19332500.0,East,24-27
4,Spencer Dinwiddie,PG,24,BRK,80,58,28.8,4.1,10.5,0.387,1.8,5.4,0.326,2.3,5.1,0.452,0.47100000000000003,2.7,3.4,0.813,0.5,2.7,3.2,6.6,0.9,0.3,1.6,2.3,12.6,1524305.0,East,24-27
5,Joe Harris,SG,26,BRK,78,14,25.3,3.9,8.0,0.491,1.9,4.6,0.419,2.0,3.4,0.589,0.612,1.1,1.3,0.8270000000000001,0.7,2.7,3.3,1.6,0.4,0.3,1.2,2.0,10.8,1524305.0,East,24-27
6,Rondae Hollis-Jefferson,SF,23,BRK,68,59,28.2,5.0,10.6,0.47200000000000003,0.2,0.8,0.24100000000000002,4.8,9.9,0.491,0.48100000000000004,3.7,4.6,0.7879999999999999,1.5,5.3,6.8,2.5,1.0,0.7,1.8,2.1,13.9,1471382.0,East,21-24
7,Caris LeVert,SF,23,BRK,71,10,26.3,4.5,10.4,0.435,1.2,3.5,0.34700000000000003,3.3,6.9,0.48,0.493,1.9,2.6,0.711,0.7,2.9,3.7,4.2,1.2,0.3,2.2,2.2,12.1,1632480.0,East,21-24
8,Jeremy Lin,PG,29,BRK,1,1,25.0,5.0,12.0,0.41700000000000004,1.0,2.0,0.5,4.0,10.0,0.4,0.45799999999999996,7.0,7.0,1.0,0.0,0.0,0.0,4.0,0.0,0.0,3.0,3.0,18.0,12000000.0,East,27-30
9,Timofey Mozgov,C,31,BRK,31,13,11.6,1.7,3.0,0.5589999999999999,0.1,0.6,0.222,1.5,2.4,0.64,0.581,0.7,1.0,0.767,1.0,2.1,3.2,0.4,0.2,0.4,1.1,1.3,4.2,15280000.0,East,30-33
10,D'Angelo Russell,PG,21,BRK,48,35,25.7,5.8,14.0,0.414,1.9,5.8,0.324,3.9,8.2,0.47700000000000004,0.48100000000000004,2.0,2.7,0.74,0.6,3.3,3.9,5.2,0.8,0.4,3.1,1.9,15.5,5562360.0,East,21-24
11,Isaiah Whitehead,PG,22,BRK,16,0,11.3,2.5,5.4,0.465,0.4,1.1,0.389,2.1,4.3,0.485,0.506,0.8,1.2,0.684,0.3,1.4,1.6,1.3,0.5,0.1,1.5,1.4,6.3,1312611.0,East,21-24
12,Steven Adams,C,24,OKC,76,76,32.7,5.9,9.4,0.629,0.0,0.0,0.0,5.9,9.3,0.631,0.629,2.1,3.8,0.5589999999999999,5.1,4.0,9.0,1.2,1.2,1.0,1.7,2.8,13.9,22471910.0,West,24-27
13,Carmelo Anthony,PF,33,OKC,78,78,32.1,6.1,15.0,0.40399999999999997,2.2,6.1,0.35700000000000004,3.9,8.9,0.43700000000000006,0.47600000000000003,1.9,2.5,0.767,0.9,4.9,5.8,1.3,0.6,0.6,1.3,2.5,16.2,26243760.0,West,33-36
14,Nick Collison,PF,37,OKC,15,0,5.0,0.9,1.3,0.684,0.0,0.0,0.0,0.9,1.3,0.684,0.684,0.3,0.9,0.385,0.5,0.9,1.3,0.3,0.0,0.0,0.5,0.5,2.1,2328652.0,West,36+
15,Raymond Felton,PG,33,OKC,82,2,16.6,2.7,6.7,0.406,1.0,2.8,0.35200000000000004,1.7,3.9,0.444,0.479,0.4,0.5,0.818,0.3,1.6,1.9,2.5,0.6,0.2,0.9,1.1,6.9,2328652.0,West,33-36
16,Terrance Ferguson,SG,19,OKC,61,12,12.5,1.1,2.8,0.414,0.7,2.0,0.33299999999999996,0.5,0.8,0.612,0.5329999999999999,0.1,0.2,0.9,0.3,0.5,0.8,0.3,0.4,0.2,0.2,1.4,3.1,1785000.0,West,18-21
17,Paul George,SF,27,OKC,79,79,36.6,7.3,17.0,0.43,3.1,7.7,0.401,4.2,9.3,0.45399999999999996,0.521,4.3,5.2,0.8220000000000001,0.9,4.7,5.7,3.3,2.0,0.5,2.7,2.9,21.9,19508958.0,West,27-30
18,Jerami Grant,PF,23,OKC,81,1,20.3,3.0,5.6,0.535,0.4,1.4,0.29100000000000004,2.6,4.3,0.613,0.57,2.0,3.0,0.675,1.1,2.9,3.9,0.7,0.4,1.0,0.7,1.9,8.4,1524305.0,West,21-24
19,Josh Huestis,PF,26,OKC,69,10,14.2,0.9,2.6,0.33,0.5,1.7,0.287,0.4,1.0,0.40299999999999997,0.42,0.1,0.3,0.3,0.6,1.7,2.3,0.3,0.2,0.6,0.4,1.2,2.3,1471382.0,West,24-27
20,Dakari Johnson,C,22,OKC,31,6,5.2,0.7,1.3,0.564,0.0,0.0,0.0,0.7,1.3,0.564,0.564,0.4,0.6,0.55,0.5,0.6,1.1,0.3,0.2,0.3,0.1,0.9,1.8,815615.0,West,21-24
21,Patrick Patterson,PF,28,OKC,82,3,15.5,1.3,3.2,0.39799999999999996,0.8,2.1,0.386,0.5,1.2,0.42100000000000004,0.523,0.5,0.6,0.87,0.4,2.0,2.4,0.7,0.6,0.3,0.4,1.1,3.9,5192000.0,West,27-30
22,Andre Roberson,SG,26,OKC,39,39,26.6,2.2,4.2,0.537,0.2,0.9,0.222,2.0,3.2,0.627,0.562,0.3,1.0,0.316,1.9,2.8,4.7,1.2,1.2,0.9,0.8,2.3,5.0,9259259.0,West,24-27
23,Kyle Singler,SF,29,OKC,12,0,4.9,0.6,1.8,0.33299999999999996,0.2,0.4,0.4,0.4,1.3,0.313,0.381,0.6,1.1,0.5379999999999999,0.1,0.8,0.8,0.2,0.1,0.0,0.3,0.3,1.9,4666500.0,West,27-30
24,Russell Westbrook,PG,29,OKC,80,80,36.4,9.5,21.1,0.449,1.2,4.1,0.298,8.3,17.0,0.485,0.47700000000000004,5.2,7.1,0.737,1.9,8.2,10.1,10.3,1.8,0.3,4.8,2.5,25.4,28530608.0,West,27-30
25,Bam Adebayo,C,20,MIA,69,19,19.8,2.5,4.9,0.512,0.0,0.1,0.0,2.5,4.8,0.523,0.512,1.9,2.6,0.721,1.7,3.8,5.5,1.5,0.5,0.6,1.0,2.0,6.9,2490360.0,East,18-21
26,Wayne Ellington,SG,30,MIA,77,2,26.5,3.7,9.1,0.40700000000000003,2.9,7.5,0.392,0.8,1.6,0.479,0.569,0.9,1.0,0.8590000000000001,0.3,2.5,2.8,1.0,0.7,0.1,0.7,1.2,11.2,6270000.0,East,30-33
27,Udonis Haslem,C,37,MIA,14,0,5.1,0.2,1.1,0.2,0.1,0.6,0.125,0.1,0.5,0.28600000000000003,0.233,0.1,0.1,0.5,0.2,0.5,0.7,0.4,0.0,0.1,0.1,0.2,0.6,2328652.0,East,36+
28,James Johnson,PF,30,MIA,73,41,26.6,4.2,8.4,0.503,0.8,2.5,0.308,3.5,5.9,0.5870000000000001,0.55,1.5,2.2,0.698,0.8,4.1,4.9,3.8,1.0,0.7,1.9,2.6,10.8,13954000.0,East,30-33
29,Tyler Johnson,PG,25,MIA,72,39,28.5,4.3,9.9,0.435,1.7,4.5,0.36700000000000005,2.6,5.4,0.491,0.518,1.5,1.8,0.8220000000000001,0.5,3.0,3.4,2.3,0.8,0.5,1.1,2.1,11.7,5881260.0,East,24-27
30,Rodney McGruder,SG,26,MIA,18,2,16.6,2.0,4.1,0.493,0.8,1.9,0.429,1.2,2.1,0.5529999999999999,0.596,0.2,0.4,0.5,0.6,1.2,1.8,0.9,0.4,0.2,0.2,1.2,5.1,1312611.0,East,24-27
31,Jordan Mickey,PF,23,MIA,23,3,12.3,1.7,3.6,0.47600000000000003,0.1,0.7,0.125,1.6,2.9,0.561,0.488,0.6,0.8,0.684,0.8,2.7,3.5,0.4,0.3,0.4,0.8,1.6,4.0,1471382.0,East,21-24
32,Kelly Olynyk,PF,26,MIA,76,22,23.4,4.2,8.4,0.49700000000000005,1.4,3.7,0.379,2.8,4.7,0.59,0.58,1.8,2.3,0.77,1.2,4.5,5.7,2.7,0.8,0.5,1.9,2.9,11.5,10607169.0,East,24-27
33,Josh Richardson,SF,24,MIA,81,81,33.2,4.9,10.9,0.451,1.6,4.1,0.37799999999999995,3.4,6.8,0.495,0.523,1.5,1.8,0.845,0.9,2.7,3.5,2.9,1.5,0.9,1.7,2.5,12.9,1471382.0,East,24-27
34,Dion Waiters,SG,26,MIA,30,30,30.6,5.4,13.7,0.39799999999999996,1.7,5.7,0.306,3.7,8.0,0.46299999999999997,0.461,1.7,2.3,0.7390000000000001,0.3,2.3,2.6,3.8,0.8,0.3,2.3,2.0,14.3,11000000.0,East,24-27
35,Okaro White,PF,25,MIA,6,4,13.3,1.2,2.7,0.43799999999999994,0.7,1.8,0.364,0.5,0.8,0.6,0.563,0.3,0.5,0.667,0.5,1.3,1.8,0.3,0.2,0.2,0.2,1.0,3.3,1312611.0,East,24-27
36,Hassan Whiteside,C,28,MIA,54,54,25.3,5.8,10.7,0.54,0.0,0.0,1.0,5.7,10.7,0.5379999999999999,0.542,2.4,3.4,0.703,3.2,8.2,11.4,1.0,0.7,1.7,1.7,2.4,14.0,23775506.0,East,27-30
37,Matt Williams,SG,24,MIA,3,0,3.7,0.7,2.0,0.33299999999999996,0.3,1.7,0.2,0.3,0.3,1.0,0.41700000000000004,0.0,0.0,0.0,0.0,0.3,0.3,0.0,0.0,0.0,0.3,0.3,1.7,50000.0,East,24-27
38,Justise Winslow,PF,21,MIA,68,25,24.7,3.0,7.2,0.424,0.7,1.9,0.38,2.3,5.3,0.44,0.474,1.0,1.5,0.635,0.9,4.5,5.4,2.2,0.8,0.5,1.1,2.1,7.8,2705040.0,East,21-24
39,Arron Afflalo,SG,32,ORL,53,3,12.9,1.2,3.1,0.401,0.5,1.3,0.386,0.7,1.7,0.413,0.485,0.4,0.5,0.846,0.1,1.2,1.2,0.6,0.1,0.2,0.4,1.1,3.4,2328652.0,East,30-33
40,Arron Afflalo,SG,32,ORL,53,3,12.9,1.2,3.1,0.401,0.5,1.3,0.386,0.7,1.7,0.413,0.485,0.4,0.5,0.846,0.1,1.2,1.2,0.6,0.1,0.2,0.4,1.1,3.4,1500000.0,East,30-33
41,D.J. Augustin,PG,30,ORL,75,36,23.5,3.3,7.2,0.452,1.5,3.6,0.419,1.7,3.6,0.485,0.557,2.2,2.5,0.868,0.4,1.7,2.1,3.8,0.7,0.0,1.6,1.3,10.2,7250000.0,East,30-33
42,Khem Birch,C,25,ORL,42,0,13.8,1.6,3.0,0.54,0.0,0.0,0.0,1.6,3.0,0.54,0.54,1.0,1.5,0.6890000000000001,1.7,2.6,4.3,0.8,0.4,0.5,0.5,1.3,4.2,815615.0,East,24-27
43,Bismack Biyombo,C,25,ORL,82,25,18.2,2.2,4.3,0.52,0.0,0.0,0.0,2.2,4.3,0.521,0.52,1.2,1.9,0.65,1.8,4.0,5.7,0.8,0.3,1.2,1.0,1.9,5.7,17000000.0,East,24-27
44,Evan Fournier,SF,25,ORL,57,57,32.2,6.5,14.1,0.45899999999999996,2.2,5.9,0.379,4.2,8.2,0.516,0.5379999999999999,2.6,3.0,0.867,0.4,2.8,3.2,2.9,0.8,0.3,1.7,2.4,17.8,17000000.0,East,24-27
45,Aaron Gordon,PF,22,ORL,58,57,32.9,6.5,14.9,0.434,2.0,5.9,0.336,4.5,9.0,0.49700000000000005,0.5,2.7,3.9,0.698,1.5,6.4,7.9,2.3,1.0,0.8,1.8,1.9,17.6,5504420.0,East,21-24
46,Mario Hezonja,SF,22,ORL,75,30,22.1,3.6,8.2,0.442,1.2,3.6,0.337,2.4,4.7,0.523,0.515,1.1,1.4,0.8190000000000001,0.5,3.2,3.7,1.4,1.1,0.4,1.1,1.8,9.6,4078320.0,East,21-24
47,Jonathan Isaac,PF,20,ORL,27,10,19.9,2.0,5.4,0.379,0.6,1.7,0.348,1.4,3.7,0.39399999999999996,0.434,0.7,0.9,0.76,0.6,3.1,3.7,0.7,1.2,1.1,1.0,1.8,5.4,4186320.0,East,18-21
48,Wesley Iwundu,SF,23,ORL,62,12,16.5,1.5,3.5,0.42700000000000005,0.1,0.7,0.196,1.4,2.8,0.488,0.447,0.5,0.8,0.723,0.6,1.6,2.2,0.9,0.5,0.2,0.5,1.3,3.7,1050000.0,East,21-24
49,Shelvin Mack,PG,27,ORL,69,3,19.8,2.6,6.0,0.43,0.7,2.0,0.345,1.9,4.0,0.473,0.488,1.0,1.4,0.711,0.3,2.1,2.4,3.9,0.8,0.1,1.3,1.3,6.9,6000000.0,East,27-30
50,Rodney Purvis,SG,23,ORL,16,2,18.1,2.2,6.7,0.327,0.8,3.3,0.25,1.4,3.4,0.4,0.38799999999999996,0.8,0.9,0.867,0.1,1.6,1.7,1.1,0.2,0.2,0.6,1.6,6.0,46080.0,East,21-24
51,Terrence Ross,SG,26,ORL,24,20,25.0,3.2,8.0,0.39799999999999996,1.3,3.9,0.32299999999999995,1.9,4.1,0.469,0.47600000000000003,1.1,1.5,0.75,0.4,2.6,3.0,1.6,1.1,0.5,1.2,1.9,8.7,10500000.0,East,24-27
52,Jonathon Simmons,SG,28,ORL,69,50,29.4,5.1,11.0,0.465,1.0,3.0,0.33799999999999997,4.1,8.1,0.512,0.511,2.7,3.5,0.768,0.9,2.6,3.5,2.5,0.8,0.2,2.1,2.5,13.9,6300000.0,East,27-30
53,Marreese Speights,C,30,ORL,52,3,13.0,2.7,6.7,0.395,1.7,4.5,0.369,1.0,2.2,0.44799999999999995,0.519,0.8,1.1,0.727,0.4,2.2,2.6,0.8,0.2,0.4,0.8,2.0,7.7,2116955.0,East,30-33
54,Cole Aldrich,C,29,MIN,21,0,2.3,0.2,0.7,0.33299999999999996,0.0,0.0,0.0,0.2,0.7,0.33299999999999996,0.33299999999999996,0.1,0.3,0.33299999999999996,0.1,0.6,0.7,0.1,0.1,0.0,0.0,0.5,0.6,7300000.0,West,27-30
55,Nemanja Bjelica,PF,29,MIN,67,21,20.5,2.6,5.5,0.461,1.1,2.7,0.415,1.4,2.8,0.505,0.563,0.5,0.7,0.8,0.8,3.3,4.1,1.3,0.7,0.2,0.8,2.1,6.8,3949999.0,West,27-30
56,Aaron Brooks,PG,33,MIN,32,1,5.9,0.9,2.2,0.406,0.3,1.0,0.355,0.5,1.2,0.447,0.486,0.3,0.3,0.727,0.2,0.3,0.5,0.6,0.2,0.0,0.3,0.9,2.3,2116955.0,West,33-36
57,Jimmy Butler,SG,28,MIN,59,59,36.7,7.4,15.6,0.474,1.2,3.4,0.35,6.2,12.2,0.509,0.512,6.2,7.2,0.8540000000000001,1.3,4.0,5.3,4.9,2.0,0.4,1.8,1.3,22.2,19301070.0,West,27-30
58,Jamal Crawford,SG,37,MIN,80,0,20.7,3.9,9.3,0.415,1.3,3.9,0.331,2.6,5.4,0.47700000000000004,0.485,1.3,1.4,0.903,0.3,1.0,1.2,2.3,0.5,0.1,1.2,1.1,10.3,10942762.0,West,36+
59,Jamal Crawford,SG,37,MIN,80,0,20.7,3.9,9.3,0.415,1.3,3.9,0.331,2.6,5.4,0.47700000000000004,0.485,1.3,1.4,0.903,0.3,1.0,1.2,2.3,0.5,0.1,1.2,1.1,10.3,4328000.0,West,36+
60,Gorgui Dieng,C,28,MIN,79,0,16.9,2.4,4.9,0.479,0.2,0.8,0.311,2.1,4.1,0.511,0.504,1.0,1.3,0.775,1.3,3.2,4.6,0.9,0.6,0.5,0.7,1.9,5.9,14112360.0,West,27-30
61,Marcus Georges-Hunt,SG,23,MIN,42,0,5.3,0.5,1.1,0.43799999999999994,0.1,0.4,0.267,0.4,0.8,0.515,0.479,0.3,0.5,0.619,0.2,0.2,0.4,0.2,0.1,0.0,0.1,0.8,1.4,1312611.0,West,21-24
62,Taj Gibson,PF,32,MIN,82,82,33.2,5.2,9.0,0.5770000000000001,0.1,0.4,0.2,5.1,8.6,0.595,0.581,1.7,2.3,0.768,2.4,4.8,7.1,1.2,0.8,0.7,1.1,2.7,12.2,14000000.0,West,30-33
63,Tyus Jones,PG,21,MIN,82,11,17.9,1.8,4.0,0.457,0.5,1.6,0.349,1.3,2.4,0.528,0.526,0.9,1.0,0.877,0.2,1.4,1.6,2.8,1.2,0.1,0.7,1.3,5.1,1471382.0,West,21-24
64,Justin Patton,C,20,MIN,1,0,4.0,1.0,2.0,0.5,0.0,0.0,0.0,1.0,2.0,0.5,0.5,0.0,0.0,0.0,0.0,0.0,0.0,0.0,1.0,0.0,0.0,1.0,2.0,2247480.0,West,18-21
65,Jeff Teague,PG,29,MIN,70,70,33.0,5.1,11.3,0.446,1.2,3.3,0.368,3.9,8.1,0.47700000000000004,0.499,2.9,3.4,0.845,0.3,2.6,3.0,7.0,1.5,0.3,2.5,2.4,14.2,19000000.0,West,27-30
66,Karl-Anthony Towns,C,22,MIN,82,82,35.6,7.8,14.3,0.545,1.5,3.5,0.42100000000000004,6.3,10.8,0.585,0.596,4.2,4.9,0.858,2.9,9.4,12.3,2.4,0.8,1.4,1.9,3.5,21.3,6216840.0,West,21-24
67,Andrew Wiggins,SF,22,MIN,82,82,36.3,6.9,15.9,0.43799999999999994,1.4,4.1,0.331,5.6,11.7,0.475,0.48100000000000004,2.5,3.8,0.643,1.0,3.4,4.4,2.0,1.1,0.6,1.7,2.0,17.7,7574322.0,West,21-24
68,LaMarcus Aldridge,C,32,SAS,75,75,33.5,9.2,18.0,0.51,0.4,1.2,0.293,8.8,16.7,0.526,0.52,4.5,5.3,0.8370000000000001,3.3,5.2,8.5,2.0,0.6,1.2,1.5,2.1,23.1,21461010.0,West,30-33
69,Kyle Anderson,SF,24,SAS,74,67,26.7,3.1,5.9,0.527,0.3,0.8,0.33299999999999996,2.9,5.1,0.556,0.5489999999999999,1.4,2.0,0.7120000000000001,1.1,4.2,5.4,2.7,1.6,0.8,1.3,1.5,7.9,2151704.0,West,24-27
70,Bryn Forbes,SG,24,SAS,80,12,19.0,2.6,6.2,0.42100000000000004,1.1,2.9,0.39,1.5,3.4,0.446,0.51,0.6,0.9,0.667,0.2,1.2,1.4,1.0,0.4,0.0,0.5,1.4,6.9,1312611.0,West,24-27
71,Pau Gasol,C,37,SAS,77,63,23.5,3.7,8.1,0.45799999999999996,0.6,1.6,0.358,3.2,6.6,0.48100000000000004,0.49200000000000005,2.1,2.7,0.7559999999999999,1.7,6.4,8.0,3.1,0.3,1.0,1.4,1.6,10.1,16000000.0,West,36+
72,Rudy Gay,PF,31,SAS,57,6,21.6,4.4,9.4,0.47100000000000003,0.6,2.1,0.314,3.8,7.4,0.516,0.506,2.0,2.5,0.772,1.3,3.8,5.1,1.3,0.8,0.7,1.4,1.7,11.5,8406000.0,West,30-33
73,Danny Green,SG,30,SAS,70,60,25.6,3.1,8.0,0.387,1.7,4.6,0.363,1.4,3.4,0.419,0.49,0.7,0.9,0.769,0.6,3.0,3.6,1.6,0.9,1.1,1.1,1.7,8.6,10000000.0,West,30-33
74,Joffrey Lauvergne,C,26,SAS,55,1,9.7,1.8,3.5,0.516,0.0,0.1,0.0,1.8,3.4,0.53,0.516,0.5,0.9,0.638,1.1,2.0,3.1,0.7,0.2,0.1,0.6,0.8,4.1,1524305.0,West,24-27
75,Kawhi Leonard,SF,26,SAS,9,9,23.3,5.8,12.3,0.46799999999999997,1.2,3.9,0.314,4.6,8.4,0.539,0.518,3.4,4.2,0.816,0.7,4.0,4.7,2.3,2.0,1.0,1.8,1.0,16.2,18868625.0,West,24-27
76,Patty Mills,PG,29,SAS,82,36,25.7,3.4,8.3,0.41100000000000003,1.9,5.0,0.37200000000000005,1.5,3.3,0.47,0.523,1.3,1.4,0.89,0.3,1.6,1.9,2.8,0.7,0.1,1.3,1.6,10.0,10714286.0,West,27-30
77,Dejounte Murray,PG,21,SAS,81,48,21.5,3.3,7.5,0.44299999999999995,0.1,0.4,0.265,3.2,7.1,0.45399999999999996,0.451,1.3,1.8,0.7090000000000001,1.4,4.3,5.7,2.9,1.2,0.4,1.7,1.9,8.1,1312611.0,West,21-24
78,Tony Parker,PG,35,SAS,55,21,19.5,3.2,7.1,0.45899999999999996,0.2,0.7,0.27,3.1,6.4,0.479,0.47200000000000003,1.0,1.4,0.705,0.1,1.6,1.7,3.5,0.5,0.0,1.2,0.9,7.7,15453126.0,West,33-36
79,Brandon Paul,SG,26,SAS,64,2,9.0,0.9,2.0,0.433,0.2,0.8,0.278,0.6,1.1,0.5479999999999999,0.49200000000000005,0.3,0.7,0.512,0.1,1.0,1.1,0.6,0.4,0.1,0.5,0.9,2.3,815615.0,West,24-27
80,Derrick White,PG,23,SAS,17,0,8.2,0.9,1.9,0.485,0.5,0.8,0.615,0.5,1.2,0.4,0.606,0.8,1.2,0.7,0.3,1.2,1.5,0.5,0.2,0.2,0.4,0.5,3.2,1404600.0,West,21-24
81,Tony Allen,SF,36,NOP,22,0,12.4,2.0,4.1,0.484,0.2,0.5,0.33299999999999996,1.8,3.6,0.506,0.505,0.5,1.0,0.524,0.9,1.2,2.1,0.4,0.5,0.1,0.9,2.2,4.7,2116955.0,West,36+
82,Ian Clark,SG,26,NOP,74,2,19.7,3.0,6.7,0.44799999999999995,0.8,2.6,0.318,2.2,4.1,0.5329999999999999,0.511,0.6,0.8,0.763,0.1,1.6,1.7,1.5,0.4,0.1,0.8,1.6,7.4,1577230.0,West,24-27
83,DeMarcus Cousins,C,27,NOP,48,48,36.2,8.5,18.0,0.47,2.2,6.1,0.354,6.3,11.9,0.53,0.53,6.1,8.2,0.746,2.2,10.7,12.9,5.4,1.6,1.6,5.0,3.8,25.2,18063850.0,West,27-30
84,Jordan Crawford,SG,29,NOP,5,0,10.6,2.4,5.4,0.444,1.6,2.8,0.5710000000000001,0.8,2.6,0.308,0.593,0.2,0.2,1.0,0.4,0.4,0.8,2.6,0.2,0.2,1.0,1.4,6.6,250000.0,West,27-30
85,Anthony Davis,PF,24,NOP,75,75,36.4,10.4,19.5,0.534,0.7,2.2,0.34,9.7,17.3,0.5579999999999999,0.552,6.6,8.0,0.828,2.5,8.6,11.1,2.3,1.5,2.6,2.2,2.1,28.1,23775506.0,West,24-27
86,Cheick Diallo,PF,21,NOP,52,0,11.2,2.0,3.4,0.58,0.0,0.0,0.0,2.0,3.4,0.58,0.58,1.0,1.3,0.758,0.9,3.2,4.1,0.4,0.2,0.4,0.5,1.6,4.9,1312611.0,West,21-24
87,Solomon Hill,SF,26,NOP,12,1,15.6,0.9,3.4,0.268,0.3,1.8,0.19,0.6,1.7,0.35,0.317,0.3,0.5,0.5,0.8,2.3,3.0,1.8,0.6,0.1,0.8,1.8,2.4,12236535.0,West,24-27
88,Jrue Holiday,SG,27,NOP,81,81,36.1,7.6,15.4,0.494,1.5,4.4,0.337,6.1,11.0,0.557,0.5429999999999999,2.3,2.9,0.7859999999999999,0.8,3.7,4.5,6.0,1.5,0.8,2.6,2.5,19.0,25686667.0,West,27-30
89,Darius Miller,SF,27,NOP,82,3,23.7,2.6,5.9,0.444,1.8,4.4,0.41100000000000003,0.8,1.6,0.535,0.594,0.7,0.8,0.866,0.2,1.8,2.0,1.4,0.3,0.2,0.7,2.0,7.8,2100000.0,West,27-30
90,E'Twaun Moore,SG,28,NOP,82,80,31.5,5.2,10.1,0.508,1.6,3.7,0.425,3.6,6.5,0.556,0.585,0.6,0.8,0.706,0.7,2.2,2.9,2.3,1.0,0.1,1.2,2.2,12.5,8445024.0,West,27-30
91,Emeka Okafor,C,35,NOP,26,19,13.6,1.8,3.7,0.505,0.0,0.0,0.0,1.8,3.7,0.505,0.505,0.7,0.8,0.818,1.8,2.8,4.6,0.3,0.3,1.0,0.5,1.2,4.4,239204.0,West,33-36
92,Rajon Rondo,PG,31,NOP,65,63,26.2,3.6,7.6,0.46799999999999997,0.8,2.3,0.33299999999999996,2.8,5.3,0.526,0.518,0.4,0.7,0.5429999999999999,0.5,3.6,4.0,8.2,1.1,0.2,2.3,1.8,8.3,3300000.0,West,30-33
93,Rajon Rondo,PG,31,NOP,65,63,26.2,3.6,7.6,0.46799999999999997,0.8,2.3,0.33299999999999996,2.8,5.3,0.526,0.518,0.4,0.7,0.5429999999999999,0.5,3.6,4.0,8.2,1.1,0.2,2.3,1.8,8.3,3000000.0,West,30-33
94,Josh Smith,PF,32,NOP,3,0,4.0,0.3,1.3,0.25,0.0,0.0,0.0,0.3,1.3,0.25,0.25,0.0,0.0,0.0,1.0,0.3,1.3,0.0,0.0,0.0,0.0,1.0,0.7,5400000.0,West,30-33
95,Josh Smith,PF,32,NOP,3,0,4.0,0.3,1.3,0.25,0.0,0.0,0.0,0.3,1.3,0.25,0.25,0.0,0.0,0.0,1.0,0.3,1.3,0.0,0.0,0.0,0.0,1.0,0.7,2183934.0,West,30-33
96,Al-Farouq Aminu,PF,27,POR,69,67,30.0,3.3,8.4,0.395,1.8,4.9,0.369,1.5,3.5,0.43200000000000005,0.503,0.9,1.2,0.738,1.4,6.2,7.6,1.2,1.1,0.6,1.1,2.0,9.3,7319035.0,West,27-30
97,Wade Baldwin,PG,21,POR,7,0,11.4,2.0,3.0,0.667,0.6,0.7,0.8,1.4,2.3,0.625,0.762,0.9,1.4,0.6,0.1,1.0,1.1,0.7,0.3,0.1,0.6,1.7,5.4,1874400.0,West,21-24
98,Wade Baldwin,PG,21,POR,7,0,11.4,2.0,3.0,0.667,0.6,0.7,0.8,1.4,2.3,0.625,0.762,0.9,1.4,0.6,0.1,1.0,1.1,0.7,0.3,0.1,0.6,1.7,5.4,222476.0,West,21-24
99,Zach Collins,C,20,POR,66,1,15.8,1.7,4.4,0.39799999999999996,0.5,1.7,0.31,1.2,2.7,0.455,0.45799999999999996,0.4,0.6,0.643,0.7,2.7,3.3,0.8,0.3,0.5,0.9,2.0,4.4,3057240.0,West,18-21
100,Pat Connaughton,SG,25,POR,82,5,18.1,2.0,4.8,0.423,0.9,2.6,0.35200000000000004,1.1,2.2,0.506,0.518,0.5,0.5,0.841,0.4,1.5,2.0,1.1,0.3,0.3,0.5,1.5,5.4,1471382.0,West,24-27
101,Ed Davis,C,28,POR,78,0,18.9,2.2,3.7,0.5820000000000001,0.0,0.0,0.0,2.2,3.7,0.584,0.5820000000000001,0.9,1.4,0.667,2.3,5.0,7.4,0.5,0.4,0.7,0.8,2.4,5.3,6352531.0,West,27-30
102,Maurice Harkless,SF,24,POR,59,36,21.4,2.5,5.0,0.495,0.8,2.0,0.415,1.7,3.0,0.547,0.5770000000000001,0.7,1.0,0.7120000000000001,0.8,2.0,2.7,0.9,0.8,0.7,0.7,1.7,6.5,10162922.0,West,24-27
103,Jake Layman,SF,23,POR,35,1,4.6,0.4,1.3,0.298,0.1,0.6,0.2,0.3,0.8,0.37,0.34,0.1,0.1,0.667,0.1,0.3,0.5,0.3,0.2,0.1,0.1,0.4,1.0,1312611.0,West,21-24
104,Meyers Leonard,C,25,POR,33,2,7.7,1.4,2.4,0.59,0.3,0.8,0.423,1.1,1.6,0.6729999999999999,0.66,0.3,0.3,0.818,0.4,1.8,2.1,0.5,0.2,0.0,0.3,1.1,3.4,9904495.0,West,24-27
105,Damian Lillard,PG,27,POR,73,73,36.6,8.5,19.4,0.439,3.1,8.6,0.361,5.4,10.8,0.501,0.519,6.8,7.4,0.9159999999999999,0.8,3.6,4.5,6.6,1.1,0.4,2.8,1.6,26.9,26153057.0,West,27-30
106,Shabazz Napier,PG,26,POR,74,10,20.7,3.0,7.2,0.42,1.1,2.9,0.376,1.9,4.2,0.45,0.49700000000000005,1.6,1.9,0.841,0.4,1.9,2.3,2.0,1.1,0.2,1.2,1.1,8.7,2361360.0,West,24-27
107,Caleb Swanigan,PF,20,POR,27,3,7.0,0.9,2.2,0.4,0.0,0.3,0.125,0.9,1.9,0.442,0.408,0.4,0.7,0.667,0.6,1.4,2.0,0.5,0.2,0.1,0.7,1.4,2.3,1465920.0,West,18-21
108,Evan Turner,SF,29,POR,79,40,25.7,3.3,7.3,0.447,0.5,1.7,0.318,2.7,5.6,0.485,0.484,1.2,1.4,0.85,0.4,2.7,3.1,2.2,0.6,0.4,1.3,2.1,8.2,17131148.0,West,27-30
109,Justin Anderson,SF,24,PHI,38,0,13.7,2.3,5.3,0.431,0.9,2.7,0.33,1.4,2.6,0.535,0.515,0.7,1.0,0.737,0.7,1.8,2.4,0.7,0.4,0.2,0.4,1.4,6.2,1579440.0,East,24-27
110,Jerryd Bayless,SG,29,PHI,39,11,23.7,2.8,6.7,0.41600000000000004,1.4,3.7,0.37,1.4,3.0,0.474,0.519,0.9,1.1,0.795,0.4,1.7,2.1,1.4,0.6,0.2,1.2,2.3,7.9,9000000.0,East,27-30
111,Robert Covington,SF,27,PHI,80,80,31.7,4.3,10.5,0.413,2.5,6.9,0.369,1.8,3.6,0.49700000000000005,0.534,1.5,1.7,0.853,0.7,4.7,5.4,2.0,1.7,0.9,1.6,3.0,12.6,16698103.0,East,27-30
112,Joel Embiid,C,23,PHI,63,63,30.3,8.1,16.8,0.483,1.0,3.4,0.308,7.0,13.4,0.527,0.514,5.7,7.4,0.769,2.3,8.7,11.0,3.2,0.6,1.8,3.7,3.3,22.9,6100266.0,East,21-24
113,Markelle Fultz,SG,19,PHI,14,0,18.1,3.2,7.9,0.405,0.0,0.1,0.0,3.2,7.9,0.409,0.405,0.7,1.5,0.47600000000000003,0.8,2.3,3.1,3.8,0.9,0.3,1.2,1.6,7.1,7026240.0,East,18-21
114,Richaun Holmes,C,24,PHI,48,2,15.5,2.8,5.0,0.56,0.1,0.6,0.129,2.7,4.4,0.624,0.568,0.8,1.2,0.6609999999999999,1.2,3.2,4.4,1.3,0.4,0.6,0.5,2.0,6.5,1471382.0,East,24-27
115,Amir Johnson,C,30,PHI,74,18,15.8,1.9,3.5,0.5379999999999999,0.1,0.4,0.313,1.8,3.1,0.57,0.5579999999999999,0.7,1.1,0.612,1.7,2.8,4.5,1.6,0.6,0.6,0.7,2.6,4.6,11000000.0,East,30-33
116,Furkan Korkmaz,SG,20,PHI,14,0,5.7,0.6,2.0,0.28600000000000003,0.4,1.2,0.294,0.2,0.8,0.273,0.375,0.1,0.3,0.5,0.1,0.6,0.8,0.3,0.1,0.1,0.1,0.9,1.6,1465920.0,East,18-21
117,James Michael McAdoo,PF,25,PHI,3,0,6.0,0.7,2.3,0.28600000000000003,0.7,2.3,0.28600000000000003,0.0,0.0,0.0,0.429,0.7,0.7,1.0,0.0,0.7,0.7,0.0,0.0,0.3,0.3,0.3,2.7,50000.0,East,24-27
118,T.J. McConnell,PG,25,PHI,76,1,22.4,2.8,5.5,0.499,0.4,0.8,0.435,2.4,4.7,0.51,0.531,0.4,0.5,0.795,0.5,2.5,3.0,4.0,1.2,0.2,1.5,1.6,6.3,1471382.0,East,24-27
119,Jacob Pullen,PG,28,PHI,3,0,2.0,0.3,0.7,0.5,0.0,0.3,0.0,0.3,0.3,1.0,0.5,0.0,0.0,0.0,0.0,0.0,0.0,0.0,0.0,0.0,0.3,0.0,0.7,50000.0,East,27-30
120,J.J. Redick,SG,33,PHI,70,70,30.2,5.8,12.6,0.46,2.8,6.6,0.42,3.0,6.0,0.504,0.569,2.8,3.1,0.904,0.1,2.4,2.5,3.0,0.5,0.1,1.5,1.8,17.1,23000000.0,East,33-36
121,Ben Simmons,PG,21,PHI,81,81,33.7,6.7,12.3,0.545,0.0,0.1,0.0,6.7,12.2,0.551,0.545,2.4,4.2,0.56,1.8,6.3,8.1,8.2,1.7,0.9,3.4,2.6,15.8,6168840.0,East,21-24
122,Ryan Anderson,PF,29,HOU,66,50,26.1,3.1,7.3,0.431,2.0,5.1,0.386,1.2,2.1,0.539,0.568,1.1,1.4,0.774,1.4,3.6,5.0,0.9,0.4,0.3,0.6,1.9,9.3,19578455.0,West,27-30
123,Trevor Ariza,SF,32,HOU,67,67,33.9,4.0,9.7,0.41200000000000003,2.5,6.9,0.368,1.5,2.8,0.519,0.542,1.1,1.3,0.8540000000000001,0.5,3.9,4.4,1.6,1.5,0.2,0.8,2.0,11.7,7420912.0,West,30-33
124,Tarik Black,C,26,HOU,51,2,10.5,1.5,2.5,0.591,0.0,0.2,0.091,1.5,2.3,0.638,0.594,0.6,1.2,0.46,1.2,2.0,3.2,0.3,0.4,0.6,0.7,2.1,3.5,3290000.0,West,24-27
125,Bobby Brown,PG,33,HOU,20,0,5.8,1.0,2.9,0.32799999999999996,0.6,2.0,0.275,0.4,0.9,0.444,0.42200000000000004,0.1,0.1,0.5,0.0,0.4,0.4,0.6,0.2,0.0,0.5,0.3,2.5,1524305.0,West,33-36
126,Clint Capela,C,23,HOU,74,74,27.5,6.0,9.1,0.652,0.0,0.0,0.0,6.0,9.1,0.653,0.652,1.9,3.5,0.56,3.3,7.6,10.8,0.9,0.8,1.9,1.4,2.5,13.9,2334520.0,West,21-24
127,Eric Gordon,SG,29,HOU,69,30,31.2,6.0,14.1,0.428,3.2,8.8,0.359,2.9,5.2,0.544,0.54,2.8,3.5,0.809,0.4,2.1,2.5,2.2,0.6,0.4,1.9,1.7,18.0,12943020.0,West,27-30
128,Gerald Green,SG,32,HOU,41,2,22.7,4.1,10.1,0.40700000000000003,2.7,7.3,0.369,1.4,2.8,0.504,0.54,1.2,1.5,0.85,0.4,2.9,3.2,0.6,0.6,0.4,0.8,2.1,12.1,947248.0,West,30-33
129,James Harden,SG,28,HOU,72,72,35.4,9.0,20.1,0.449,3.7,10.0,0.36700000000000005,5.4,10.1,0.531,0.541,8.7,10.1,0.858,0.6,4.8,5.4,8.8,1.8,0.7,4.4,2.3,30.4,28299399.0,West,27-30
130,Luc Mbah a Moute,PF,31,HOU,61,15,25.6,2.7,5.7,0.48100000000000004,1.0,2.8,0.364,1.7,2.8,0.599,0.5720000000000001,1.1,1.6,0.684,0.4,2.7,3.0,0.9,1.2,0.4,1.1,1.6,7.5,2116955.0,West,30-33
131,Chinanu Onuaku,C,21,HOU,1,0,22.0,2.0,5.0,0.4,0.0,0.0,0.0,2.0,5.0,0.4,0.4,0.0,0.0,0.0,1.0,3.0,4.0,1.0,0.0,0.0,3.0,4.0,4.0,1312611.0,West,21-24
132,Chris Paul,PG,32,HOU,58,58,31.8,6.3,13.8,0.46,2.5,6.5,0.38,3.8,7.2,0.532,0.55,3.5,3.8,0.919,0.6,4.8,5.4,7.9,1.7,0.2,2.2,2.4,18.6,24599495.0,West,30-33
133,Zhou Qi,C,22,HOU,18,0,6.9,0.3,1.8,0.188,0.1,1.1,0.105,0.2,0.7,0.308,0.21899999999999997,0.4,0.7,0.667,0.3,0.9,1.2,0.1,0.1,0.8,0.6,0.8,1.2,815615.0,West,21-24
134,P.J. Tucker,PF,32,HOU,82,34,27.8,2.1,5.4,0.39,1.4,3.8,0.371,0.7,1.6,0.435,0.52,0.5,0.7,0.7170000000000001,1.1,4.4,5.6,0.9,1.0,0.3,0.9,2.5,6.1,7590035.0,West,30-33
135,Ike Anigbogu,C,19,IND,11,0,2.7,0.4,0.8,0.444,0.0,0.0,0.0,0.4,0.8,0.444,0.444,0.5,0.5,0.833,0.5,0.4,0.8,0.0,0.1,0.3,0.2,0.1,1.2,950000.0,East,18-21
136,Darren Collison,PG,30,IND,69,64,29.2,4.6,9.2,0.495,1.4,3.0,0.46799999999999997,3.2,6.3,0.508,0.5710000000000001,1.8,2.1,0.882,0.5,2.0,2.6,5.3,1.3,0.2,1.2,1.8,12.4,10000000.0,East,30-33
137,Al Jefferson,C,33,IND,36,1,13.4,3.1,5.8,0.534,0.0,0.1,0.0,3.1,5.7,0.541,0.534,0.8,1.0,0.833,0.8,3.1,4.0,0.8,0.4,0.6,0.6,1.8,7.0,9769821.0,East,33-36
138,Cory Joseph,PG,26,IND,82,17,27.0,3.1,7.4,0.424,0.8,2.3,0.353,2.3,5.0,0.457,0.479,0.9,1.1,0.745,0.5,2.7,3.2,3.2,1.0,0.2,1.1,1.7,7.9,7630000.0,East,24-27
139,T.J. Leaf,PF,20,IND,53,0,8.7,1.2,2.6,0.47100000000000003,0.3,0.8,0.429,0.9,1.8,0.489,0.537,0.2,0.3,0.625,0.5,1.0,1.5,0.2,0.1,0.1,0.2,0.8,2.9,2028360.0,East,18-21
140,Trey McKinney-Jones,SG,27,IND,1,0,1.0,0.0,0.0,0.0,0.0,0.0,0.0,0.0,0.0,0.0,0.0,0.0,0.0,0.0,0.0,0.0,0.0,0.0,0.0,0.0,0.0,0.0,0.0,46080.0,East,27-30
141,Victor Oladipo,SG,25,IND,75,75,34.0,8.5,17.9,0.47700000000000004,2.1,5.8,0.371,6.4,12.1,0.528,0.537,3.9,4.9,0.799,0.6,4.6,5.2,4.3,2.4,0.8,2.9,2.3,23.1,21000000.0,East,24-27
142,Alex Poythress,PF,24,IND,25,0,4.2,0.4,1.0,0.423,0.2,0.4,0.364,0.3,0.6,0.467,0.5,0.0,0.0,0.0,0.3,0.4,0.7,0.1,0.1,0.0,0.1,0.6,1.0,778668.0,East,24-27
143,Domantas Sabonis,C,21,IND,74,19,24.5,4.6,8.9,0.514,0.2,0.5,0.35100000000000003,4.4,8.4,0.524,0.524,2.3,3.0,0.75,2.2,5.5,7.7,2.0,0.5,0.4,1.9,3.0,11.6,2550000.0,East,21-24
144,Lance Stephenson,SG,27,IND,82,7,22.6,3.7,8.6,0.42700000000000005,0.8,2.8,0.289,2.9,5.8,0.495,0.475,1.0,1.5,0.6609999999999999,0.8,4.4,5.2,2.9,0.6,0.2,1.6,2.2,9.2,4180000.0,East,27-30
145,Myles Turner,C,21,IND,65,62,28.2,4.7,9.8,0.479,0.9,2.4,0.35700000000000004,3.8,7.4,0.519,0.523,2.5,3.2,0.777,1.4,5.0,6.4,1.3,0.6,1.8,1.5,2.9,12.7,2569920.0,East,21-24
146,Damien Wilkins,SF,38,IND,19,1,8.0,0.7,2.1,0.33299999999999996,0.2,0.9,0.222,0.5,1.1,0.429,0.385,0.2,0.2,0.75,0.3,0.6,0.8,0.5,0.1,0.1,0.3,0.4,1.7,2116955.0,East,36+
147,Joe Young,PG,25,IND,53,1,10.5,1.5,3.5,0.43,0.5,1.2,0.379,1.0,2.3,0.45799999999999996,0.49700000000000005,0.4,0.5,0.759,0.2,1.0,1.2,0.7,0.3,0.0,0.5,0.7,3.9,1471382.0,East,24-27
148,Thaddeus Young,PF,29,IND,81,81,32.2,5.2,10.7,0.48700000000000004,0.7,2.2,0.32,4.5,8.4,0.531,0.521,0.7,1.1,0.598,2.3,4.0,6.3,1.9,1.7,0.4,1.3,2.2,11.8,14796348.0,East,27-30
149,Giannis Antetokounmpo,PF,23,MIL,75,75,36.7,9.9,18.7,0.529,0.6,1.9,0.307,9.3,16.8,0.5539999999999999,0.545,6.5,8.5,0.76,2.1,8.0,10.0,4.8,1.5,1.4,3.0,3.1,26.9,22471910.0,East,21-24
150,Joel Bolomboy,PF,24,MIL,6,0,6.3,0.5,1.0,0.5,0.0,0.2,0.0,0.5,0.8,0.6,0.5,0.5,1.0,0.5,1.0,0.7,1.7,0.0,0.3,0.0,0.3,0.5,1.5,1312611.0,East,24-27
151,Joel Bolomboy,PF,24,MIL,6,0,6.3,0.5,1.0,0.5,0.0,0.2,0.0,0.5,0.8,0.6,0.5,0.5,1.0,0.5,1.0,0.7,1.7,0.0,0.3,0.0,0.3,0.5,1.5,22248.0,East,24-27
152,Malcolm Brogdon,PG,25,MIL,48,20,29.9,5.1,10.5,0.485,1.3,3.4,0.385,3.8,7.1,0.532,0.547,1.6,1.8,0.882,0.5,2.8,3.3,3.2,0.9,0.3,1.4,2.7,13.0,1312611.0,East,24-27
153,Sterling Brown,SG,22,MIL,54,4,14.4,1.5,3.8,0.4,0.6,1.7,0.35200000000000004,0.9,2.1,0.439,0.478,0.4,0.4,0.875,0.5,2.1,2.6,0.5,0.6,0.2,0.5,1.5,4.0,815615.0,East,21-24
154,Matthew Dellavedova,PG,27,MIL,38,3,18.7,1.4,4.0,0.36200000000000004,0.8,2.1,0.37200000000000005,0.7,1.9,0.35100000000000003,0.457,0.7,0.7,0.9259999999999999,0.4,1.3,1.7,3.8,0.4,0.0,1.3,1.8,4.3,9607500.0,East,27-30
155,John Henson,C,27,MIL,76,69,25.9,3.8,6.6,0.5720000000000001,0.0,0.1,0.14300000000000002,3.8,6.5,0.578,0.573,1.2,2.1,0.57,2.0,4.8,6.8,1.5,0.6,1.4,1.1,2.7,8.8,11422536.0,East,27-30
156,Brandon Jennings,PG,28,MIL,14,0,14.6,1.9,5.1,0.375,0.6,2.4,0.273,1.3,2.8,0.462,0.43799999999999994,0.7,0.7,1.0,0.4,1.9,2.2,3.1,0.4,0.3,1.3,0.8,5.2,119010.0,East,27-30
157,Thon Maker,C,20,MIL,74,12,16.7,1.8,4.3,0.41100000000000003,0.4,1.4,0.298,1.3,2.9,0.467,0.46,0.9,1.3,0.6990000000000001,1.0,2.0,3.0,0.6,0.5,0.7,0.6,2.2,4.8,2684160.0,East,18-21
158,Khris Middleton,SF,26,MIL,82,82,36.4,7.2,15.5,0.466,1.8,5.0,0.359,5.5,10.5,0.517,0.524,3.9,4.4,0.884,0.5,4.7,5.2,4.0,1.5,0.3,2.3,3.3,20.1,14100000.0,East,24-27
159,Jabari Parker,PF,22,MIL,31,3,24.0,5.2,10.7,0.48200000000000004,1.0,2.6,0.38299999999999995,4.2,8.1,0.514,0.529,1.3,1.7,0.741,1.4,3.5,4.9,1.9,0.8,0.3,1.5,1.6,12.6,6782392.0,East,21-24
160,Marshall Plumlee,C,25,MIL,8,0,6.5,0.1,0.4,0.33299999999999996,0.0,0.0,0.0,0.1,0.4,0.33299999999999996,0.33299999999999996,1.5,2.0,0.75,0.5,1.6,2.1,0.3,0.0,0.1,0.4,1.3,1.8,100000.0,East,24-27
161,Tony Snell,SG,26,MIL,75,59,27.4,2.5,5.7,0.435,1.4,3.6,0.40299999999999997,1.0,2.1,0.49,0.562,0.5,0.6,0.792,0.1,1.8,1.9,1.3,0.6,0.4,0.5,1.5,6.9,9821429.0,East,24-27
162,Jason Terry,SG,40,MIL,51,4,16.0,1.2,3.0,0.38299999999999995,0.8,2.3,0.348,0.4,0.8,0.48700000000000004,0.513,0.2,0.2,0.889,0.1,0.8,0.9,1.2,0.8,0.3,0.5,1.0,3.3,2328652.0,East,36+
163,D.J. Wilson,PF,21,MIL,22,0,3.2,0.4,0.7,0.563,0.1,0.2,0.4,0.3,0.5,0.636,0.625,0.0,0.1,0.5,0.1,0.4,0.5,0.1,0.1,0.0,0.2,0.3,1.0,2135040.0,East,21-24
164,OG Anunoby,SF,20,TOR,74,62,20.0,2.2,4.7,0.47100000000000003,1.0,2.7,0.371,1.2,2.0,0.604,0.5770000000000001,0.5,0.8,0.629,0.6,1.9,2.5,0.7,0.7,0.2,0.6,1.8,5.9,1645200.0,East,18-21
165,DeMar DeRozan,SG,28,TOR,80,80,33.9,8.1,17.7,0.456,1.1,3.6,0.31,7.0,14.1,0.494,0.488,5.8,7.0,0.825,0.7,3.2,3.9,5.2,1.1,0.3,2.2,1.9,23.0,27739975.0,East,27-30
166,Serge Ibaka,PF,28,TOR,76,76,27.5,5.0,10.3,0.483,1.4,3.9,0.36,3.6,6.4,0.5589999999999999,0.552,1.2,1.6,0.797,1.0,5.3,6.3,0.8,0.4,1.3,1.2,2.8,12.6,20061729.0,East,27-30
167,Kyle Lowry,PG,31,TOR,78,78,32.2,5.2,12.1,0.42700000000000005,3.1,7.6,0.39899999999999997,2.1,4.5,0.474,0.5529999999999999,2.9,3.3,0.8540000000000001,0.8,4.7,5.6,6.9,1.1,0.2,2.3,2.5,16.2,28703704.0,East,30-33
168,Alfonzo McKinnie,SF,25,TOR,14,0,3.8,0.6,1.1,0.5329999999999999,0.2,0.6,0.33299999999999996,0.4,0.4,0.833,0.633,0.1,0.2,0.667,0.1,0.4,0.5,0.1,0.1,0.1,0.2,0.6,1.5,815615.0,East,24-27
169,C.J. Miles,SF,30,TOR,70,3,19.1,3.2,8.6,0.379,2.3,6.5,0.361,0.9,2.1,0.434,0.516,1.2,1.4,0.835,0.3,1.9,2.2,0.8,0.5,0.3,0.6,1.9,10.0,7936509.0,East,30-33
170,Lucas Nogueira,C,25,TOR,49,3,8.5,1.0,1.6,0.613,0.1,0.4,0.263,0.9,1.2,0.721,0.644,0.4,0.6,0.679,0.4,1.4,1.8,0.4,0.5,0.9,0.3,1.0,2.5,2947305.0,East,24-27
171,Jakob Poeltl,C,22,TOR,82,0,18.6,3.1,4.7,0.659,0.0,0.0,0.5,3.1,4.7,0.66,0.66,0.7,1.2,0.594,2.0,2.8,4.8,0.7,0.5,1.2,1.0,2.6,6.9,2825640.0,East,21-24
172,Norman Powell,SG,24,TOR,70,18,15.2,2.1,5.3,0.401,0.8,2.7,0.285,1.4,2.7,0.516,0.47200000000000003,0.5,0.6,0.821,0.2,1.5,1.7,1.3,0.5,0.2,0.9,1.6,5.5,1471382.0,East,24-27
173,Pascal Siakam,PF,23,TOR,81,5,20.7,3.1,6.1,0.508,0.4,1.6,0.22,2.8,4.5,0.612,0.537,0.7,1.1,0.621,1.0,3.5,4.5,2.0,0.8,0.5,0.8,2.0,7.3,1312611.0,East,21-24
174,Fred VanVleet,PG,23,TOR,76,0,20.0,3.1,7.2,0.426,1.4,3.4,0.414,1.6,3.7,0.43700000000000006,0.525,1.1,1.3,0.8320000000000001,0.3,2.1,2.4,3.2,0.9,0.3,1.0,1.7,8.6,1312611.0,East,21-24
175,Delon Wright,PG,25,TOR,69,4,20.8,2.9,6.3,0.465,0.8,2.2,0.366,2.1,4.0,0.52,0.53,1.4,1.7,0.8290000000000001,0.7,2.2,2.9,2.9,1.0,0.5,1.1,1.2,8.0,1645200.0,East,24-27
176,Darrell Arthur,PF,29,DEN,19,1,7.4,1.2,2.5,0.46799999999999997,0.4,1.2,0.348,0.7,1.3,0.583,0.5529999999999999,0.1,0.2,0.667,0.2,0.6,0.8,0.5,0.4,0.2,0.8,1.2,2.8,7464912.0,West,27-30
177,Will Barton,SG,27,DEN,81,40,33.1,5.7,12.7,0.452,1.9,5.2,0.37,3.8,7.5,0.51,0.528,2.2,2.8,0.805,0.9,4.2,5.0,4.1,1.0,0.6,1.8,2.1,15.7,3533333.0,West,27-30
178,Malik Beasley,SG,21,DEN,62,0,9.4,1.2,2.9,0.41,0.5,1.3,0.341,0.7,1.5,0.469,0.489,0.4,0.5,0.667,0.2,0.9,1.1,0.5,0.2,0.1,0.4,0.6,3.2,1700640.0,West,21-24
179,Wilson Chandler,SF,30,DEN,74,71,31.7,3.8,8.5,0.445,1.2,3.3,0.358,2.6,5.2,0.501,0.515,1.2,1.5,0.772,1.4,4.0,5.4,2.1,0.6,0.5,1.2,2.1,10.0,12016854.0,West,30-33
180,Kenneth Faried,PF,28,DEN,32,7,14.4,2.4,4.6,0.514,0.0,0.0,0.0,2.4,4.6,0.517,0.514,1.1,1.6,0.706,2.1,2.7,4.8,0.6,0.4,0.4,0.7,1.6,5.9,12921348.0,West,27-30
181,Gary Harris,SG,23,DEN,67,65,34.4,6.6,13.6,0.485,2.3,5.9,0.396,4.2,7.7,0.5529999999999999,0.57,2.0,2.4,0.8270000000000001,0.6,2.1,2.6,2.9,1.8,0.2,1.8,1.8,17.5,2550055.0,West,21-24
182,Richard Jefferson,SF,37,DEN,20,0,8.2,0.6,1.4,0.444,0.1,0.4,0.28600000000000003,0.5,1.0,0.5,0.48100000000000004,0.2,0.4,0.5710000000000001,0.1,0.8,0.9,0.8,0.1,0.1,0.3,0.6,1.5,2500000.0,West,36+
183,Richard Jefferson,SF,37,DEN,20,0,8.2,0.6,1.4,0.444,0.1,0.4,0.28600000000000003,0.5,1.0,0.5,0.48100000000000004,0.2,0.4,0.5710000000000001,0.1,0.8,0.9,0.8,0.1,0.1,0.3,0.6,1.5,2328652.0,West,36+
184,Tyler Lydon,PF,21,DEN,1,0,2.0,0.0,0.0,0.0,0.0,0.0,0.0,0.0,0.0,0.0,0.0,0.0,0.0,0.0,0.0,0.0,0.0,0.0,0.0,0.0,0.0,0.0,0.0,1579440.0,West,21-24
185,Trey Lyles,PF,22,DEN,73,2,19.1,3.7,7.5,0.491,1.1,3.0,0.381,2.6,4.5,0.563,0.5660000000000001,1.4,2.0,0.706,0.8,4.0,4.8,1.2,0.4,0.5,0.8,1.5,9.9,2441400.0,West,21-24
186,Paul Millsap,PF,32,DEN,38,37,30.1,5.3,11.4,0.46399999999999997,1.0,3.0,0.345,4.3,8.5,0.506,0.509,2.9,4.2,0.696,1.7,4.7,6.4,2.8,1.0,1.2,1.9,2.6,14.6,31269231.0,West,30-33
187,Jamal Murray,PG,20,DEN,81,80,31.7,5.9,13.1,0.451,2.0,5.4,0.37799999999999995,3.9,7.7,0.502,0.529,2.8,3.1,0.905,1.0,2.7,3.7,3.4,1.0,0.3,2.1,2.1,16.7,3355320.0,West,18-21
188,Mason Plumlee,C,27,DEN,74,26,19.4,3.0,5.0,0.601,0.0,0.0,0.0,3.0,5.0,0.602,0.601,1.1,2.4,0.45799999999999996,1.8,3.6,5.4,1.9,0.7,1.1,1.4,2.5,7.1,14041096.0,West,27-30
189,Dwayne Bacon,SG,22,CHO,53,6,13.5,1.4,3.6,0.375,0.2,0.8,0.256,1.2,2.8,0.409,0.40399999999999997,0.4,0.5,0.8,0.1,2.3,2.3,0.7,0.3,0.0,0.4,0.9,3.3,815615.0,East,21-24
190,Nicolas Batum,SG,29,CHO,64,64,31.0,4.2,10.2,0.415,1.4,4.3,0.336,2.8,5.9,0.473,0.486,1.7,2.0,0.831,0.9,3.9,4.8,5.5,1.0,0.4,2.0,1.1,11.6,22434783.0,East,27-30
191,Michael Carter-Williams,PG,26,CHO,52,2,16.1,1.5,4.4,0.332,0.3,1.1,0.237,1.2,3.3,0.365,0.36200000000000004,1.4,1.7,0.82,0.7,1.9,2.7,2.2,0.8,0.4,1.0,1.9,4.6,2700000.0,East,24-27
192,Treveon Graham,SG,24,CHO,63,2,16.7,1.5,3.5,0.434,0.6,1.5,0.41200000000000003,0.9,2.0,0.452,0.525,0.7,0.9,0.695,0.7,1.3,1.9,0.9,0.5,0.0,0.4,1.7,4.3,1312611.0,East,24-27
193,Dwight Howard,C,32,CHO,81,81,30.4,6.2,11.2,0.555,0.0,0.1,0.14300000000000002,6.2,11.2,0.5589999999999999,0.556,4.1,7.2,0.574,3.1,9.3,12.5,1.3,0.6,1.6,2.6,3.1,16.6,23500000.0,East,30-33
194,Frank Kaminsky,PF,24,CHO,79,4,23.2,3.9,9.1,0.429,1.3,3.5,0.38,2.6,5.6,0.45899999999999996,0.501,2.0,2.5,0.799,0.6,3.1,3.6,1.6,0.5,0.2,0.8,1.2,11.1,2847600.0,East,24-27
195,Michael Kidd-Gilchrist,SF,24,CHO,74,74,25.0,3.8,7.6,0.504,0.0,0.0,0.0,3.8,7.5,0.505,0.504,1.6,2.3,0.684,1.1,2.9,4.1,1.0,0.7,0.4,0.7,1.9,9.2,13000000.0,East,24-27
196,Jeremy Lamb,SG,25,CHO,80,18,24.6,4.8,10.4,0.457,1.2,3.2,0.37,3.6,7.2,0.495,0.513,2.2,2.6,0.861,0.6,3.4,4.1,2.3,0.8,0.4,1.2,1.7,12.9,7000000.0,East,24-27
197,Malik Monk,SG,19,CHO,63,0,13.6,2.4,6.7,0.36,1.3,3.9,0.342,1.1,2.9,0.385,0.45799999999999996,0.5,0.6,0.8420000000000001,0.1,0.9,1.0,1.4,0.3,0.1,0.8,1.0,6.7,2904480.0,East,18-21
198,Johnny O'Bryant,PF,24,CHO,36,0,10.5,1.9,4.8,0.39799999999999996,0.4,1.2,0.326,1.5,3.6,0.42200000000000004,0.439,0.6,0.7,0.84,0.8,1.8,2.6,0.4,0.3,0.2,0.4,1.3,4.8,1524305.0,East,24-27
199,Julyan Stone,SG,29,CHO,23,0,7.6,0.3,0.6,0.462,0.3,0.6,0.462,0.0,0.0,0.0,0.6920000000000001,0.0,0.1,0.5,0.0,1.2,1.3,1.1,0.2,0.1,0.3,0.9,0.8,1524305.0,East,27-30
200,Kemba Walker,PG,27,CHO,80,80,34.2,7.4,17.0,0.431,2.9,7.5,0.384,4.5,9.5,0.469,0.516,4.5,5.3,0.8640000000000001,0.4,2.7,3.1,5.6,1.1,0.3,2.2,1.2,22.1,12000000.0,East,27-30
201,Marvin Williams,PF,31,CHO,78,78,25.7,3.3,7.2,0.45799999999999996,1.6,3.9,0.413,1.7,3.3,0.512,0.57,1.3,1.6,0.8290000000000001,0.9,3.8,4.7,1.2,0.7,0.5,0.8,1.5,9.5,13168750.0,East,30-33
202,Cody Zeller,C,25,CHO,33,0,19.0,2.6,4.7,0.545,0.1,0.1,0.667,2.5,4.6,0.542,0.551,1.8,2.6,0.718,2.0,3.3,5.4,0.9,0.4,0.6,1.0,2.5,7.1,12584270.0,East,24-27
203,Ron Baker,SG,24,NYK,29,1,13.3,0.7,2.0,0.33899999999999997,0.4,1.1,0.33299999999999996,0.3,0.9,0.34600000000000003,0.43200000000000005,0.7,0.9,0.769,0.2,0.9,1.0,1.6,0.9,0.2,0.6,1.1,2.4,4328000.0,East,24-27
204,Michael Beasley,PF,29,NYK,74,30,22.3,5.5,10.9,0.507,0.5,1.2,0.395,5.1,9.7,0.52,0.528,1.7,2.1,0.78,1.3,4.3,5.6,1.7,0.5,0.6,1.9,2.0,13.2,2116955.0,East,27-30
205,Trey Burke,PG,25,NYK,36,9,21.8,5.4,10.7,0.503,1.1,2.9,0.36200000000000004,4.3,7.8,0.556,0.552,1.0,1.6,0.649,0.4,1.6,2.0,4.7,0.7,0.1,1.2,1.2,12.8,784160.0,East,24-27
206,Damyean Dotson,SG,23,NYK,44,2,10.8,1.6,3.7,0.447,0.5,1.5,0.324,1.1,2.1,0.5379999999999999,0.516,0.4,0.5,0.696,0.2,1.7,1.9,0.7,0.3,0.0,0.4,0.8,4.1,1100000.0,East,21-24
207,Jarrett Jack,PG,34,NYK,62,56,25.0,3.0,7.1,0.42700000000000005,0.4,1.4,0.29100000000000004,2.6,5.8,0.45899999999999996,0.455,1.0,1.2,0.84,0.4,2.7,3.1,5.6,0.6,0.1,1.9,1.6,7.5,2328652.0,East,33-36
208,Enes Kanter,C,25,NYK,71,71,25.8,5.9,10.0,0.5920000000000001,0.0,0.0,0.0,5.9,10.0,0.594,0.5920000000000001,2.2,2.6,0.848,3.8,7.1,11.0,1.5,0.5,0.5,1.7,2.6,14.1,20566802.0,East,24-27
209,Mindaugas Kuzminskas,SF,28,NYK,1,0,2.0,0.0,2.0,0.0,0.0,0.0,0.0,0.0,2.0,0.0,0.0,0.0,0.0,0.0,0.0,0.0,0.0,0.0,0.0,0.0,0.0,0.0,0.0,3025035.0,East,27-30
210,Courtney Lee,SG,32,NYK,76,69,30.4,4.5,9.9,0.45399999999999996,1.5,3.7,0.406,3.0,6.3,0.48200000000000004,0.529,1.5,1.6,0.919,0.4,2.6,2.9,2.4,1.1,0.2,1.1,1.4,12.0,11747890.0,East,30-33
211,Joakim Noah,C,32,NYK,7,0,5.7,0.7,1.4,0.5,0.0,0.0,0.0,0.7,1.4,0.5,0.5,0.3,0.6,0.5,0.9,1.1,2.0,0.6,0.3,0.3,0.6,0.7,1.7,17765000.0,East,30-33
212,Frank Ntilikina,PG,19,NYK,78,9,21.9,2.3,6.4,0.364,0.6,2.0,0.318,1.7,4.4,0.385,0.414,0.6,0.9,0.721,0.5,1.8,2.3,3.2,0.8,0.2,1.7,2.3,5.9,3501120.0,East,18-21
213,Kyle O'Quinn,C,27,NYK,77,10,18.0,2.9,5.0,0.583,0.1,0.2,0.235,2.9,4.8,0.599,0.589,1.3,1.6,0.772,1.6,4.5,6.1,2.1,0.5,1.3,1.3,2.5,7.1,4087500.0,East,27-30
214,Lance Thomas,PF,29,NYK,73,31,18.5,1.4,3.7,0.382,0.7,1.7,0.40299999999999997,0.7,2.0,0.364,0.47600000000000003,0.6,0.7,0.83,0.6,1.8,2.4,0.6,0.4,0.2,0.5,1.8,4.1,6655325.0,East,27-30
215,Lonzo Ball,PG,20,LAL,52,50,34.2,3.9,10.8,0.36,1.7,5.7,0.305,2.2,5.2,0.42,0.44,0.6,1.4,0.451,1.3,5.6,6.9,7.2,1.7,0.8,2.6,2.3,10.2,6286560.0,West,18-21
216,Vander Blue,SG,25,LAL,5,0,9.0,0.2,1.0,0.2,0.0,0.4,0.0,0.2,0.6,0.33299999999999996,0.2,0.2,0.4,0.5,0.0,0.2,0.2,0.6,0.2,0.0,0.6,0.4,0.6,50000.0,West,24-27
217,Andrew Bogut,C,33,LAL,24,5,9.0,0.7,1.0,0.68,0.0,0.0,0.0,0.7,1.0,0.68,0.68,0.1,0.1,1.0,1.1,2.2,3.3,0.6,0.2,0.5,0.8,1.7,1.5,2328652.0,West,33-36
218,Thomas Bryant,C,20,LAL,15,0,4.8,0.5,1.4,0.381,0.1,0.7,0.1,0.5,0.7,0.636,0.405,0.3,0.6,0.556,0.2,0.9,1.1,0.4,0.1,0.1,0.1,0.4,1.5,815615.0,West,18-21
219,Kentavious Caldwell-Pope,SG,24,LAL,74,74,33.2,4.6,10.8,0.426,2.1,5.6,0.38299999999999995,2.4,5.2,0.473,0.526,2.1,2.6,0.789,0.8,4.4,5.2,2.2,1.4,0.2,1.3,2.0,13.4,17745894.0,West,24-27
220,Luol Deng,SF,32,LAL,1,1,13.0,1.0,2.0,0.5,0.0,0.0,0.0,1.0,2.0,0.5,0.5,0.0,0.0,0.0,0.0,0.0,0.0,1.0,1.0,0.0,1.0,0.0,2.0,17190000.0,West,30-33
221,Tyler Ennis,PG,23,LAL,54,11,12.6,1.7,4.1,0.42,0.3,1.0,0.25,1.5,3.1,0.47600000000000003,0.451,0.4,0.5,0.759,0.4,1.4,1.8,1.9,0.6,0.2,0.7,1.4,4.1,1524305.0,West,21-24
222,Josh Hart,SG,22,LAL,63,23,23.2,2.8,6.0,0.469,1.2,3.1,0.396,1.6,2.8,0.551,0.573,1.0,1.5,0.7020000000000001,0.7,3.5,4.2,1.3,0.7,0.3,0.7,1.7,7.9,1394520.0,West,21-24
223,Brandon Ingram,SF,20,LAL,59,59,33.5,6.1,12.9,0.47,0.7,1.8,0.39,5.4,11.1,0.483,0.49700000000000005,3.3,4.8,0.6809999999999999,1.0,4.4,5.3,3.9,0.8,0.7,2.5,2.8,16.1,5519400.0,West,18-21
224,Kyle Kuzma,PF,22,LAL,77,37,31.2,6.1,13.5,0.45,2.1,5.6,0.366,4.0,7.9,0.511,0.527,1.9,2.7,0.7070000000000001,1.1,5.1,6.3,1.8,0.6,0.4,1.8,2.1,16.1,1423560.0,West,21-24
225,Brook Lopez,C,29,LAL,74,72,23.4,5.0,10.7,0.465,1.5,4.4,0.345,3.5,6.3,0.5489999999999999,0.536,1.5,2.1,0.703,1.0,3.0,4.0,1.7,0.4,1.3,1.3,2.6,13.0,22642350.0,West,27-30
226,Julius Randle,C,23,LAL,82,49,26.7,6.1,11.0,0.5579999999999999,0.1,0.5,0.222,6.0,10.5,0.575,0.563,3.7,5.2,0.718,2.2,5.8,8.0,2.6,0.5,0.5,2.6,3.3,16.1,4149242.0,West,21-24
227,Travis Wear,SF,27,LAL,17,0,13.4,1.5,4.2,0.34700000000000003,1.0,2.8,0.36200000000000004,0.5,1.5,0.32,0.465,0.5,0.5,1.0,0.0,2.2,2.2,0.4,0.2,0.3,0.4,1.8,4.4,148318.0,West,27-30
228,Derrick Williams,PF,26,LAL,2,0,4.5,0.5,2.0,0.25,0.0,1.0,0.0,0.5,1.0,0.5,0.25,0.0,0.0,0.0,0.0,0.5,0.5,0.0,0.0,0.0,0.0,0.0,1.0,104059.0,West,24-27
229,Ivica Zubac,C,20,LAL,43,0,9.5,1.4,2.8,0.5,0.0,0.0,0.0,1.4,2.8,0.504,0.5,0.9,1.2,0.765,1.0,1.8,2.9,0.6,0.2,0.3,0.6,1.1,3.7,1312611.0,West,18-21
230,J.J. Barea,PG,33,DAL,69,10,23.2,4.4,10.0,0.439,1.7,4.5,0.36700000000000005,2.7,5.5,0.499,0.522,1.2,1.5,0.784,0.2,2.7,2.9,6.3,0.5,0.0,2.1,1.2,11.6,3903900.0,West,33-36
231,Harrison Barnes,PF,25,DAL,77,77,34.2,7.0,15.7,0.445,1.5,4.3,0.35700000000000004,5.4,11.4,0.478,0.494,3.4,4.1,0.8270000000000001,1.0,5.1,6.1,2.0,0.6,0.2,1.5,1.2,18.9,23112004.0,West,24-27
232,Gian Clavell,SG,24,DAL,7,0,9.1,0.9,2.6,0.33299999999999996,0.9,2.1,0.4,0.0,0.4,0.0,0.5,0.3,0.3,1.0,0.1,0.9,1.0,0.4,0.3,0.0,0.3,1.1,2.9,50000.0,West,24-27
233,Kyle Collinsworth,SF,26,DAL,32,2,15.0,1.2,3.1,0.384,0.1,0.5,0.235,1.1,2.6,0.415,0.40399999999999997,0.7,1.3,0.525,1.0,2.3,3.3,1.8,0.5,0.3,0.8,1.4,3.2,92160.0,West,24-27
234,Kyle Collinsworth,SF,26,DAL,32,2,15.0,1.2,3.1,0.384,0.1,0.5,0.235,1.1,2.6,0.415,0.40399999999999997,0.7,1.3,0.525,1.0,2.3,3.3,1.8,0.5,0.3,0.8,1.4,3.2,50000.0,West,24-27
235,Yogi Ferrell,SG,24,DAL,82,21,27.8,3.8,8.9,0.426,1.6,4.4,0.373,2.2,4.5,0.47700000000000004,0.518,1.0,1.3,0.7959999999999999,0.3,2.7,3.0,2.5,0.8,0.1,1.0,1.9,10.2,1312611.0,West,24-27
236,Dorian Finney-Smith,PF,24,DAL,21,13,21.3,2.2,5.8,0.38,1.0,3.2,0.299,1.2,2.6,0.48100000000000004,0.46299999999999997,0.5,0.7,0.733,1.0,2.5,3.6,1.2,0.5,0.2,1.0,2.0,5.9,1312611.0,West,24-27
237,Scotty Hopson,SG,28,DAL,1,0,8.0,0.0,1.0,0.0,0.0,0.0,0.0,0.0,1.0,0.0,0.0,1.0,2.0,0.5,0.0,0.0,0.0,1.0,0.0,0.0,1.0,0.0,1.0,74159.0,West,27-30
238,Maxi Kleber,PF,26,DAL,72,36,16.8,2.1,4.3,0.489,0.6,1.8,0.313,1.5,2.5,0.613,0.5529999999999999,0.6,0.8,0.746,1.0,2.3,3.3,0.7,0.4,0.7,0.4,1.6,5.4,815615.0,West,24-27
239,Wesley Matthews,SF,31,DAL,63,62,33.8,4.5,11.1,0.406,2.4,6.4,0.381,2.1,4.7,0.441,0.516,1.3,1.6,0.8220000000000001,0.4,2.7,3.1,2.7,1.2,0.3,1.3,2.2,12.7,17884176.0,West,30-33
240,Josh McRoberts,PF,30,DAL,2,0,3.0,0.0,0.5,0.0,0.0,0.5,0.0,0.0,0.0,0.0,0.0,0.0,0.0,0.0,0.0,0.0,0.0,0.0,0.0,0.0,0.0,1.0,0.0,6021175.0,West,30-33
241,Salah Mejri,C,31,DAL,61,1,12.0,1.4,2.2,0.642,0.0,0.0,0.0,1.4,2.2,0.657,0.642,0.6,1.1,0.5760000000000001,1.4,2.6,4.0,0.6,0.4,1.1,0.6,2.0,3.5,1471382.0,West,30-33
242,Nerlens Noel,C,23,DAL,30,6,15.7,1.8,3.5,0.524,0.0,0.0,0.0,1.8,3.5,0.529,0.524,0.7,0.9,0.75,1.6,4.0,5.6,0.7,1.0,0.7,0.9,2.0,4.4,4187599.0,West,21-24
243,Dirk Nowitzki,C,39,DAL,77,77,24.7,4.5,9.8,0.456,1.8,4.4,0.409,2.7,5.5,0.494,0.547,1.3,1.4,0.898,0.3,5.4,5.7,1.6,0.6,0.6,0.7,1.9,12.0,5000000.0,West,36+
244,Dwight Powell,C,26,DAL,79,25,21.2,3.2,5.4,0.593,0.4,1.1,0.33299999999999996,2.9,4.4,0.6559999999999999,0.626,1.7,2.3,0.7190000000000001,1.7,3.9,5.6,1.2,0.8,0.4,0.7,2.4,8.5,9003125.0,West,24-27
245,Jameel Warney,PF,24,DAL,3,0,9.0,2.3,4.0,0.583,0.0,0.0,0.0,2.3,4.0,0.583,0.583,1.0,1.7,0.6,1.3,1.7,3.0,0.0,0.0,0.0,0.3,0.7,5.7,46080.0,West,24-27
246,Jeff Withey,C,27,DAL,9,0,4.3,0.7,1.8,0.375,0.2,1.1,0.2,0.4,0.7,0.667,0.43799999999999994,0.1,0.2,0.5,0.1,1.0,1.1,0.0,0.0,0.3,0.2,0.3,1.7,1577320.0,West,27-30
247,Aron Baynes,C,31,BOS,81,67,18.3,2.6,5.5,0.47100000000000003,0.0,0.3,0.14300000000000002,2.6,5.2,0.48700000000000004,0.474,0.7,1.0,0.7559999999999999,1.6,3.8,5.4,1.1,0.3,0.6,1.0,2.5,6.0,4328000.0,East,30-33
248,Jaylen Brown,SG,21,BOS,70,70,30.7,5.3,11.5,0.465,1.7,4.4,0.395,3.6,7.1,0.507,0.54,2.1,3.3,0.644,0.9,4.0,4.9,1.6,1.0,0.4,1.8,2.6,14.5,4956480.0,East,21-24
249,Gordon Hayward,SF,27,BOS,1,1,5.0,1.0,2.0,0.5,0.0,1.0,0.0,1.0,1.0,1.0,0.5,0.0,0.0,0.0,0.0,1.0,1.0,0.0,0.0,0.0,0.0,1.0,2.0,29727900.0,East,27-30
250,Al Horford,C,31,BOS,72,72,31.6,5.1,10.5,0.489,1.3,3.1,0.429,3.8,7.3,0.514,0.5529999999999999,1.3,1.7,0.7829999999999999,1.4,5.9,7.4,4.7,0.6,1.1,1.8,1.9,12.9,27734405.0,East,30-33
251,Kyrie Irving,PG,25,BOS,60,60,32.2,8.9,18.1,0.491,2.8,6.8,0.408,6.1,11.3,0.541,0.568,3.9,4.4,0.889,0.6,3.2,3.8,5.1,1.1,0.3,2.3,2.0,24.4,18868625.0,East,24-27
252,Shane Larkin,PG,25,BOS,54,2,14.4,1.6,4.1,0.384,0.6,1.6,0.36,1.0,2.5,0.39799999999999996,0.45399999999999996,0.6,0.7,0.865,0.3,1.4,1.7,1.8,0.5,0.0,0.6,1.1,4.3,1524305.0,East,24-27
253,Marcus Morris,PF,28,BOS,54,21,26.7,4.9,11.3,0.429,1.6,4.3,0.368,3.3,7.0,0.467,0.499,2.3,2.9,0.805,0.8,4.6,5.4,1.3,0.6,0.2,1.2,1.9,13.6,5000000.0,East,27-30
254,Abdel Nader,SF,24,BOS,48,1,10.9,1.0,3.1,0.336,0.5,1.4,0.354,0.6,1.8,0.321,0.413,0.5,0.8,0.59,0.3,1.2,1.5,0.5,0.3,0.2,0.7,0.9,3.0,1167333.0,East,24-27
255,Semi Ojeleye,PF,23,BOS,73,0,15.8,0.9,2.6,0.34600000000000003,0.5,1.7,0.32,0.3,0.9,0.397,0.452,0.3,0.6,0.61,0.5,1.7,2.2,0.3,0.3,0.1,0.3,1.2,2.7,1291892.0,East,21-24
256,Terry Rozier,PG,23,BOS,80,16,25.9,4.0,10.0,0.395,1.9,5.0,0.381,2.0,5.0,0.41,0.491,1.4,1.9,0.772,0.8,3.9,4.7,2.9,1.0,0.2,1.0,1.5,11.3,1988520.0,East,21-24
257,Marcus Smart,SG,23,BOS,54,11,29.9,3.5,9.5,0.36700000000000005,1.4,4.6,0.301,2.1,4.9,0.429,0.44,1.8,2.5,0.7290000000000001,0.8,2.7,3.5,4.8,1.3,0.4,2.4,2.5,10.2,4538020.0,East,21-24
258,Jayson Tatum,SF,19,BOS,80,80,30.5,5.0,10.4,0.475,1.3,3.0,0.434,3.7,7.4,0.49200000000000005,0.5379999999999999,2.7,3.2,0.826,0.6,4.4,5.0,1.6,1.0,0.7,1.4,2.1,13.9,5645400.0,East,18-21
259,Daniel Theis,C,25,BOS,63,3,14.9,2.0,3.7,0.541,0.3,0.9,0.31,1.7,2.8,0.617,0.579,1.0,1.3,0.753,1.4,2.9,4.3,0.9,0.5,0.8,0.9,2.5,5.3,815615.0,East,24-27
260,Guerschon Yabusele,PF,22,BOS,33,4,7.1,0.8,1.8,0.426,0.4,1.1,0.324,0.4,0.7,0.583,0.525,0.5,0.7,0.682,0.5,1.1,1.6,0.5,0.1,0.2,0.4,0.7,2.4,2247480.0,East,21-24
261,Kent Bazemore,SG,28,ATL,65,65,27.5,4.4,10.4,0.42,1.7,4.2,0.39399999999999996,2.7,6.2,0.43799999999999994,0.5,2.5,3.1,0.7959999999999999,0.4,3.4,3.8,3.5,1.5,0.7,2.4,2.3,12.9,16910113.0,East,27-30
262,DeAndre' Bembry,SF,23,ATL,26,3,17.5,2.0,4.9,0.414,0.4,1.2,0.36700000000000005,1.6,3.8,0.429,0.457,0.7,1.3,0.5760000000000001,0.3,2.5,2.8,1.9,0.8,0.5,1.8,1.5,5.2,1567200.0,East,21-24
263,Tyler Cavanaugh,PF,23,ATL,39,1,13.3,1.7,3.9,0.441,0.8,2.3,0.36,0.9,1.6,0.556,0.546,0.4,0.5,0.81,1.2,2.1,3.3,0.7,0.2,0.1,0.4,1.6,4.7,679919.0,East,21-24
264,Tyler Cavanaugh,PF,23,ATL,39,1,13.3,1.7,3.9,0.441,0.8,2.3,0.36,0.9,1.6,0.556,0.546,0.4,0.5,0.81,1.2,2.1,3.3,0.7,0.2,0.1,0.4,1.6,4.7,50000.0,East,21-24
265,John Collins,PF,20,ATL,74,26,24.1,4.2,7.4,0.5760000000000001,0.2,0.6,0.34,4.0,6.7,0.598,0.591,1.8,2.5,0.715,2.4,4.9,7.3,1.3,0.6,1.1,1.4,2.9,10.5,1936920.0,East,18-21
266,Dewayne Dedmon,C,28,ATL,62,46,24.9,4.0,7.7,0.524,0.8,2.3,0.355,3.2,5.4,0.595,0.5770000000000001,1.1,1.4,0.779,1.6,6.3,7.9,1.5,0.6,0.8,1.4,2.6,10.0,6000000.0,East,27-30
267,Malcolm Delaney,PG,28,ATL,54,3,18.8,2.0,5.3,0.382,0.9,2.3,0.371,1.2,3.0,0.391,0.46299999999999997,1.4,1.7,0.804,0.2,1.7,1.9,3.0,0.6,0.1,1.2,1.5,6.3,2500000.0,East,27-30
268,Tyler Dorsey,SG,21,ATL,56,5,17.4,2.6,6.8,0.377,1.3,3.6,0.36200000000000004,1.3,3.3,0.39299999999999996,0.47100000000000003,0.8,1.1,0.7140000000000001,0.3,2.0,2.3,1.4,0.3,0.1,0.7,1.1,7.2,815615.0,East,21-24
269,Jeremy Evans,SF,30,ATL,1,0,5.0,1.0,1.0,1.0,0.0,0.0,0.0,1.0,1.0,1.0,1.0,0.0,0.0,0.0,1.0,0.0,1.0,0.0,0.0,0.0,1.0,1.0,2.0,50000.0,East,30-33
270,Jaylen Morris,SG,22,ATL,6,0,16.3,2.2,5.3,0.406,0.3,1.7,0.2,1.8,3.7,0.5,0.43799999999999994,0.0,0.0,0.0,0.3,2.3,2.7,1.2,0.3,0.2,1.0,0.3,4.7,92160.0,East,21-24
271,Mike Muscala,C,26,ATL,53,7,20.0,2.7,5.9,0.45799999999999996,1.2,3.2,0.371,1.5,2.7,0.5589999999999999,0.5579999999999999,1.1,1.2,0.919,1.1,3.3,4.3,1.0,0.6,0.5,0.8,1.5,7.6,5000000.0,East,24-27
272,Miles Plumlee,C,29,ATL,55,35,16.7,1.9,3.3,0.583,0.0,0.0,0.0,1.9,3.3,0.583,0.583,0.5,1.1,0.45,1.4,2.7,4.1,0.8,0.3,0.5,1.1,1.4,4.3,12500000.0,East,27-30
273,Isaiah Taylor,PG,23,ATL,67,9,17.4,2.4,5.8,0.418,0.3,1.2,0.25,2.1,4.6,0.461,0.444,1.5,2.1,0.7020000000000001,0.3,1.1,1.4,3.1,0.5,0.1,1.3,1.7,6.6,1312611.0,East,21-24
274,Bradley Beal,SG,24,WAS,82,82,36.3,8.3,18.1,0.46,2.4,6.5,0.375,5.9,11.6,0.507,0.527,3.6,4.5,0.7909999999999999,0.7,3.7,4.4,4.5,1.2,0.4,2.6,2.0,22.6,23775506.0,West,24-27
275,Tim Frazier,PG,27,WAS,59,11,14.2,1.2,2.9,0.395,0.3,0.9,0.304,0.9,2.0,0.44,0.445,0.4,0.5,0.767,0.3,1.6,1.9,3.3,0.8,0.1,1.0,1.6,3.0,2000000.0,West,27-30
276,Marcin Gortat,C,33,WAS,82,82,25.3,3.5,6.8,0.518,0.0,0.0,0.0,3.5,6.8,0.518,0.518,1.3,2.0,0.675,2.2,5.4,7.6,1.8,0.5,0.7,1.2,2.1,8.4,12782609.0,West,33-36
277,Ian Mahinmi,C,31,WAS,77,0,14.9,1.8,3.2,0.556,0.0,0.0,0.0,1.8,3.2,0.561,0.556,1.2,1.7,0.703,1.8,2.3,4.1,0.7,0.5,0.5,1.3,3.0,4.8,16661641.0,West,30-33
278,Chris McCullough,PF,22,WAS,19,0,4.7,0.9,2.2,0.429,0.1,0.4,0.125,0.9,1.8,0.5,0.44,0.5,0.7,0.643,0.4,0.9,1.3,0.2,0.0,0.3,0.1,0.4,2.4,1471382.0,West,21-24
279,Jodie Meeks,SG,30,WAS,77,0,14.5,2.0,5.1,0.39899999999999997,0.9,2.7,0.34299999999999997,1.1,2.4,0.46399999999999997,0.491,1.3,1.5,0.863,0.2,1.4,1.6,0.9,0.4,0.1,0.5,0.7,6.3,3290000.0,West,30-33
280,Markieff Morris,PF,28,WAS,73,73,27.0,4.5,9.4,0.48,1.0,2.8,0.36700000000000005,3.5,6.6,0.529,0.536,1.4,1.8,0.82,1.0,4.6,5.6,1.9,0.8,0.5,1.7,3.0,11.5,8000000.0,West,27-30
281,Otto Porter,SF,24,WAS,77,77,31.6,5.8,11.5,0.503,1.8,4.1,0.441,4.0,7.4,0.537,0.581,1.4,1.7,0.828,1.3,5.1,6.4,2.0,1.5,0.5,1.0,2.0,14.7,24773250.0,West,24-27
282,Mike Scott,PF,29,WAS,76,1,18.5,3.6,6.9,0.527,0.9,2.1,0.405,2.8,4.8,0.5820000000000001,0.59,0.7,1.0,0.6579999999999999,0.7,2.6,3.3,1.1,0.3,0.1,1.0,1.9,8.8,1709538.0,West,27-30
283,Jason Smith,C,31,WAS,33,2,8.6,1.4,3.5,0.391,0.1,1.0,0.125,1.2,2.5,0.494,0.409,0.6,0.6,0.905,0.5,1.1,1.6,0.4,0.1,0.4,0.5,1.3,3.4,5225000.0,West,30-33
284,John Wall,PG,27,WAS,41,41,34.4,6.8,16.3,0.42,1.5,4.1,0.371,5.3,12.2,0.436,0.466,4.3,5.9,0.726,0.5,3.1,3.7,9.6,1.4,1.1,3.9,2.0,19.4,18063850.0,West,27-30
285,Jordan Bell,C,23,GSW,57,13,14.2,2.0,3.2,0.627,0.0,0.1,0.0,2.0,3.2,0.6409999999999999,0.627,0.5,0.8,0.682,1.1,2.6,3.6,1.8,0.6,1.0,0.9,1.6,4.6,815615.0,West,21-24
286,Omri Casspi,SF,29,GSW,53,7,14.0,2.3,3.9,0.58,0.2,0.4,0.455,2.1,3.5,0.595,0.604,0.9,1.3,0.725,0.6,3.2,3.8,1.0,0.3,0.4,0.7,1.3,5.7,2106470.0,West,27-30
287,Quinn Cook,PG,24,GSW,33,18,22.4,3.7,7.6,0.484,1.4,3.2,0.442,2.3,4.5,0.514,0.575,0.7,0.8,0.88,0.3,2.2,2.5,2.7,0.4,0.0,1.0,1.8,9.5,100000.0,West,24-27
288,Quinn Cook,PG,24,GSW,33,18,22.4,3.7,7.6,0.484,1.4,3.2,0.442,2.3,4.5,0.514,0.575,0.7,0.8,0.88,0.3,2.2,2.5,2.7,0.4,0.0,1.0,1.8,9.5,25000.0,West,24-27
289,Stephen Curry,PG,29,GSW,51,51,32.0,8.4,16.9,0.495,4.2,9.8,0.423,4.2,7.1,0.595,0.618,5.5,5.9,0.9209999999999999,0.7,4.4,5.1,6.1,1.6,0.2,3.0,2.2,26.4,34682550.0,West,27-30
290,Kevin Durant,SF,29,GSW,68,68,34.2,9.3,18.0,0.516,2.5,6.1,0.419,6.7,11.9,0.565,0.586,5.3,5.9,0.889,0.5,6.4,6.8,5.4,0.7,1.8,3.0,2.0,26.4,25000000.0,West,27-30
291,Draymond Green,PF,27,GSW,70,70,32.7,4.0,8.8,0.45399999999999996,1.1,3.7,0.301,2.9,5.2,0.562,0.516,1.9,2.5,0.775,1.1,6.6,7.6,7.3,1.4,1.3,2.9,2.6,11.0,16400000.0,West,27-30
292,Andre Iguodala,SF,34,GSW,64,7,25.3,2.3,5.0,0.46299999999999997,0.5,1.8,0.282,1.8,3.2,0.5670000000000001,0.514,0.9,1.4,0.632,0.8,3.1,3.8,3.3,0.8,0.6,1.0,1.5,6.0,14814815.0,West,33-36
293,Damian Jones,C,22,GSW,15,0,5.9,0.7,1.5,0.5,0.0,0.0,0.0,0.7,1.5,0.5,0.5,0.2,0.3,0.6,0.3,0.6,0.9,0.1,0.1,0.2,0.3,0.9,1.7,1312611.0,West,21-24
294,Shaun Livingston,PG,32,GSW,71,7,15.9,2.4,4.8,0.501,0.0,0.1,0.0,2.4,4.8,0.509,0.501,0.7,0.9,0.82,0.5,1.4,1.8,2.0,0.5,0.3,0.8,1.6,5.5,7692308.0,West,30-33
295,Kevon Looney,C,21,GSW,66,4,13.8,1.7,2.9,0.58,0.0,0.1,0.2,1.7,2.8,0.59,0.583,0.6,1.2,0.545,1.3,2.0,3.3,0.6,0.5,0.8,0.5,1.6,4.0,1471382.0,West,21-24
296,Patrick McCaw,SG,22,GSW,57,10,16.9,1.6,3.9,0.409,0.3,1.4,0.23800000000000002,1.3,2.5,0.503,0.451,0.5,0.6,0.765,0.3,1.2,1.4,1.4,0.8,0.2,0.7,1.2,4.0,1312611.0,West,21-24
297,JaVale McGee,C,30,GSW,65,17,9.5,2.1,3.4,0.621,0.0,0.1,0.0,2.1,3.3,0.638,0.621,0.6,0.8,0.731,0.9,1.7,2.6,0.5,0.3,0.9,0.4,1.4,4.8,2116955.0,West,30-33
298,Zaza Pachulia,C,33,GSW,69,57,14.1,2.2,3.8,0.564,0.0,0.0,0.0,2.2,3.8,0.5670000000000001,0.564,1.1,1.3,0.8059999999999999,1.3,3.4,4.7,1.6,0.6,0.2,1.0,1.8,5.4,3477600.0,West,33-36
299,Klay Thompson,SG,27,GSW,73,73,34.3,7.9,16.2,0.488,3.1,7.1,0.44,4.7,9.0,0.526,0.585,1.1,1.3,0.8370000000000001,0.4,3.4,3.8,2.5,0.8,0.5,1.8,1.6,20.0,17826150.0,West,27-30
300,David West,C,37,GSW,73,0,13.7,3.0,5.2,0.5710000000000001,0.0,0.1,0.375,2.9,5.1,0.5760000000000001,0.575,0.8,1.1,0.759,0.9,2.4,3.3,1.9,0.6,1.0,1.1,1.6,6.8,2328652.0,West,36+
301,Nick Young,SG,32,GSW,80,8,17.4,2.5,6.1,0.41200000000000003,1.5,4.1,0.377,1.0,2.0,0.48100000000000004,0.5379999999999999,0.7,0.8,0.862,0.3,1.3,1.6,0.5,0.5,0.1,0.5,1.3,7.3,5192000.0,West,30-33
302,Dragan Bender,PF,20,PHO,82,37,25.2,2.3,5.9,0.386,1.4,3.9,0.366,0.8,2.0,0.426,0.508,0.5,0.6,0.765,0.5,3.9,4.4,1.6,0.3,0.6,1.4,2.0,6.5,4468800.0,West,18-21
303,Devin Booker,SG,21,PHO,54,54,34.5,8.4,19.5,0.43200000000000005,2.7,7.1,0.38299999999999995,5.7,12.4,0.46,0.501,5.4,6.1,0.878,0.5,4.0,4.5,4.7,0.9,0.3,3.6,3.1,24.9,2319360.0,West,21-24
304,Tyson Chandler,C,35,PHO,46,46,25.0,2.6,4.1,0.647,0.0,0.0,0.0,2.6,4.1,0.647,0.647,1.3,2.0,0.624,2.9,6.2,9.1,1.2,0.3,0.6,1.3,2.3,6.5,13000000.0,West,33-36
305,Marquese Chriss,PF,20,PHO,72,49,21.2,2.8,6.6,0.423,0.8,2.6,0.295,2.0,4.0,0.509,0.48200000000000004,1.3,2.2,0.608,1.1,4.4,5.5,1.2,0.7,1.0,1.5,2.8,7.7,3073800.0,West,18-21
306,Troy Daniels,SG,26,PHO,79,15,20.5,2.9,7.3,0.40299999999999997,2.3,5.8,0.4,0.6,1.5,0.419,0.563,0.7,0.8,0.875,0.2,1.5,1.6,0.6,0.3,0.1,0.7,1.7,8.9,3408520.0,West,24-27
307,Jared Dudley,PF,32,PHO,48,0,14.3,1.0,2.5,0.39299999999999996,0.6,1.7,0.363,0.4,0.9,0.452,0.512,0.6,0.7,0.7709999999999999,0.2,1.8,2.0,1.6,0.5,0.2,0.6,1.8,3.2,10000000.0,West,30-33
308,Josh Gray,PG,24,PHO,5,0,17.2,2.2,8.2,0.268,0.6,2.6,0.231,1.6,5.6,0.28600000000000003,0.305,1.4,2.2,0.636,0.4,1.6,2.0,2.4,1.6,0.4,1.4,1.6,6.4,92160.0,West,24-27
309,Shaquille Harrison,PG,24,PHO,23,2,16.7,2.6,5.4,0.47600000000000003,0.3,1.1,0.231,2.3,4.3,0.541,0.5,1.2,1.7,0.737,0.4,2.3,2.7,2.4,1.1,0.3,1.0,1.8,6.6,92160.0,West,24-27
310,Josh Jackson,SF,20,PHO,77,35,25.4,5.1,12.1,0.41700000000000004,0.7,2.8,0.263,4.3,9.3,0.46399999999999997,0.44799999999999995,2.3,3.6,0.634,1.2,3.3,4.6,1.5,1.0,0.5,1.9,2.8,13.1,5090040.0,West,18-21
311,Alex Len,C,24,PHO,69,13,20.2,3.1,5.5,0.5660000000000001,0.0,0.0,0.33299999999999996,3.1,5.4,0.568,0.5670000000000001,2.3,3.3,0.684,2.5,5.0,7.5,1.2,0.4,0.9,1.1,2.3,8.5,4187599.0,West,24-27
312,Davon Reed,SG,22,PHO,21,1,11.5,1.0,3.6,0.289,0.5,1.8,0.289,0.5,1.8,0.289,0.36200000000000004,0.4,0.6,0.667,0.1,1.8,1.9,0.6,0.5,0.1,0.5,0.8,3.0,815615.0,West,21-24
313,Tyler Ulis,PG,22,PHO,71,43,23.4,3.0,7.8,0.38799999999999996,0.6,2.1,0.28800000000000003,2.4,5.7,0.425,0.426,1.2,1.4,0.8320000000000001,0.3,1.5,1.8,4.4,1.0,0.1,1.8,1.7,7.8,1312611.0,West,21-24
314,T.J. Warren,SF,24,PHO,65,65,33.0,8.1,16.4,0.498,0.3,1.4,0.222,7.8,15.0,0.523,0.507,3.0,3.9,0.757,1.9,3.2,5.1,1.3,1.0,0.6,1.3,2.3,19.6,3152931.0,West,24-27
315,Alan Williams,PF,25,PHO,5,0,14.0,1.4,3.6,0.389,0.0,0.0,0.0,1.4,3.6,0.389,0.389,1.2,1.8,0.667,0.6,3.8,4.4,1.6,1.0,0.2,1.4,2.6,4.0,6000000.0,West,24-27
316,Patrick Beverley,SG,29,LAC,11,11,30.4,4.4,10.8,0.40299999999999997,2.2,5.5,0.4,2.2,5.4,0.40700000000000003,0.504,1.3,1.5,0.8240000000000001,1.5,2.6,4.1,2.9,1.7,0.5,2.3,3.1,12.2,5513514.0,West,27-30
317,Sam Dekker,PF,23,LAC,73,1,12.1,1.8,3.5,0.494,0.1,0.8,0.16699999999999998,1.6,2.7,0.593,0.514,0.5,0.8,0.6609999999999999,0.6,1.8,2.4,0.5,0.3,0.1,0.5,1.0,4.2,1794600.0,West,21-24
318,Jawun Evans,PG,21,LAC,48,4,16.2,1.9,5.3,0.35200000000000004,0.3,1.1,0.278,1.5,4.1,0.37200000000000005,0.381,0.8,1.0,0.7759999999999999,0.2,1.6,1.8,2.1,0.8,0.1,0.9,2.0,4.8,815615.0,West,21-24
319,Danilo Gallinari,SF,29,LAC,21,21,32.0,4.9,12.2,0.39799999999999996,1.7,5.3,0.324,3.1,6.9,0.455,0.469,3.9,4.1,0.9309999999999999,0.4,4.4,4.8,2.0,0.6,0.5,1.2,1.4,15.3,20559599.0,West,27-30
320,Montrezl Harrell,C,24,LAC,76,3,17.0,4.6,7.2,0.635,0.0,0.1,0.14300000000000002,4.6,7.1,0.6409999999999999,0.636,1.8,2.9,0.626,1.4,2.7,4.0,1.0,0.5,0.7,0.9,1.9,11.0,1471382.0,West,24-27
321,Wesley Johnson,SF,30,LAC,74,40,20.1,2.0,5.0,0.408,0.8,2.4,0.33899999999999997,1.2,2.6,0.47100000000000003,0.489,0.6,0.8,0.741,0.4,2.5,2.9,0.8,1.0,0.8,0.7,2.0,5.4,5881260.0,West,30-33
322,DeAndre Jordan,C,29,LAC,77,77,31.5,4.8,7.5,0.645,0.0,0.0,0.0,4.8,7.5,0.645,0.645,2.4,4.1,0.58,4.3,10.9,15.2,1.5,0.5,0.9,1.8,2.6,12.0,22642350.0,West,27-30
323,Austin Rivers,SG,25,LAC,61,59,33.7,5.6,13.2,0.424,2.2,5.9,0.37799999999999995,3.4,7.3,0.461,0.508,1.7,2.6,0.642,0.4,1.9,2.4,4.0,1.2,0.3,1.8,2.5,15.1,11825000.0,West,24-27
324,Sindarius Thornwell,SG,23,LAC,73,17,15.8,1.4,3.2,0.429,0.3,0.8,0.377,1.1,2.4,0.44799999999999995,0.479,0.8,1.2,0.67,0.5,1.5,1.9,0.9,0.7,0.3,0.7,1.7,3.9,815615.0,West,21-24
325,Lou Williams,SG,31,LAC,79,19,32.8,7.4,16.9,0.435,2.4,6.6,0.359,5.0,10.4,0.484,0.505,5.5,6.2,0.88,0.5,2.0,2.5,5.3,1.1,0.2,3.0,1.3,22.6,7000000.0,West,30-33
326,Jamil Wilson,SF,27,LAC,15,10,18.3,2.5,5.4,0.469,1.8,4.2,0.429,0.7,1.2,0.611,0.636,0.1,0.3,0.5,0.2,1.9,2.1,0.7,0.3,0.5,0.5,2.3,7.0,50000.0,West,27-30
327,Tony Bradley,C,20,UTA,9,0,3.2,0.3,1.2,0.273,0.0,0.1,0.0,0.3,1.1,0.3,0.273,0.2,0.2,1.0,0.4,0.8,1.2,0.1,0.0,0.0,0.0,0.1,0.9,1414920.0,West,18-21
328,Alec Burks,SG,26,UTA,64,1,16.5,2.7,6.5,0.41100000000000003,0.7,2.2,0.331,1.9,4.3,0.452,0.467,1.7,1.9,0.863,0.3,2.7,3.0,1.0,0.6,0.1,0.9,1.2,7.7,10845506.0,West,24-27
329,Dante Exum,PG,22,UTA,14,0,16.8,3.0,6.2,0.483,0.4,1.3,0.278,2.6,4.9,0.536,0.511,1.8,2.2,0.8059999999999999,0.3,1.6,1.9,3.1,0.6,0.2,1.4,1.4,8.1,4992385.0,West,21-24
330,Derrick Favors,C,26,UTA,77,77,28.0,5.1,9.1,0.563,0.2,0.8,0.222,4.9,8.3,0.596,0.573,1.8,2.8,0.6509999999999999,2.6,4.6,7.2,1.3,0.7,1.1,1.1,2.1,12.3,12000000.0,West,24-27
331,Rudy Gobert,C,25,UTA,56,56,32.4,4.9,7.9,0.622,0.0,0.0,0.0,4.9,7.9,0.622,0.622,3.6,5.3,0.682,2.9,7.8,10.7,1.4,0.8,2.3,1.9,2.7,13.5,21974719.0,West,24-27
332,Joe Ingles,SF,30,UTA,82,81,31.4,4.1,8.8,0.467,2.5,5.7,0.44,1.6,3.1,0.516,0.609,0.8,1.0,0.795,0.3,3.9,4.2,4.8,1.1,0.2,1.9,2.2,11.5,14136364.0,West,30-33
333,Jonas Jerebko,PF,30,UTA,74,19,15.3,2.1,4.6,0.466,0.9,2.1,0.414,1.3,2.5,0.511,0.562,0.6,0.8,0.807,0.7,2.6,3.3,0.6,0.3,0.2,0.4,1.7,5.8,4000000.0,West,30-33
334,Donovan Mitchell,SG,21,UTA,79,71,33.4,7.5,17.2,0.43700000000000006,2.4,7.0,0.34,5.2,10.3,0.502,0.506,3.0,3.8,0.805,0.7,3.1,3.7,3.7,1.5,0.3,2.7,2.7,20.5,2621280.0,West,21-24
335,Naz Mitrou-Long,SG,24,UTA,1,0,1.0,1.0,1.0,1.0,1.0,1.0,1.0,0.0,0.0,0.0,1.5,0.0,0.0,0.0,0.0,0.0,0.0,0.0,0.0,0.0,0.0,0.0,3.0,92160.0,West,24-27
336,Naz Mitrou-Long,SG,24,UTA,1,0,1.0,1.0,1.0,1.0,1.0,1.0,1.0,0.0,0.0,0.0,1.5,0.0,0.0,0.0,0.0,0.0,0.0,0.0,0.0,0.0,0.0,0.0,3.0,50000.0,West,24-27
337,Raul Neto,PG,25,UTA,41,0,12.1,1.7,3.7,0.457,0.5,1.1,0.40399999999999997,1.2,2.5,0.48100000000000004,0.52,0.6,0.9,0.743,0.2,1.0,1.2,1.8,0.3,0.1,0.9,0.9,4.5,1471382.0,West,24-27
338,Georges Niang,PF,24,UTA,9,0,3.6,0.4,1.2,0.364,0.0,0.4,0.0,0.4,0.8,0.5710000000000001,0.364,0.1,0.2,0.5,0.3,0.7,1.0,0.3,0.2,0.0,0.3,0.1,1.0,100000.0,West,24-27
339,Royce O'Neale,SF,24,UTA,69,4,16.7,1.7,4.1,0.423,0.6,1.7,0.35600000000000004,1.1,2.4,0.47,0.496,0.9,1.1,0.8029999999999999,0.4,3.1,3.4,1.4,0.5,0.2,0.8,1.5,5.0,815615.0,West,24-27
340,Ricky Rubio,PG,27,UTA,77,77,29.3,4.5,10.7,0.418,1.2,3.5,0.35200000000000004,3.2,7.2,0.451,0.47600000000000003,2.9,3.3,0.866,0.6,4.0,4.6,5.3,1.6,0.1,2.7,2.7,13.1,14275000.0,West,27-30
341,Thabo Sefolosha,SF,33,UTA,38,6,21.2,3.1,6.3,0.49200000000000005,0.8,2.2,0.381,2.3,4.1,0.551,0.5579999999999999,1.2,1.4,0.815,0.8,3.5,4.2,0.9,1.4,0.3,0.8,1.6,8.2,5250000.0,West,33-36
342,Ekpe Udoh,C,30,UTA,63,3,12.9,1.0,1.9,0.5,0.0,0.0,0.0,1.0,1.9,0.504,0.5,0.7,0.9,0.75,1.1,1.3,2.4,0.8,0.7,1.2,0.3,1.7,2.6,3200000.0,West,30-33
343,Nate Wolters,PG,26,UTA,5,0,3.8,0.2,1.2,0.16699999999999998,0.0,0.0,0.0,0.2,1.2,0.16699999999999998,0.16699999999999998,0.0,0.0,0.0,0.2,0.2,0.4,0.2,0.0,0.0,0.0,0.2,0.4,50000.0,West,24-27
344,Dillon Brooks,SF,22,MEM,82,74,28.7,4.1,9.4,0.44,1.1,3.2,0.35600000000000004,3.0,6.2,0.484,0.501,1.5,2.0,0.747,0.6,2.5,3.1,1.6,0.9,0.2,1.5,2.8,11.0,815615.0,West,21-24
345,Mario Chalmers,PG,31,MEM,66,10,21.5,2.5,6.7,0.379,0.8,2.9,0.27699999999999997,1.7,3.8,0.456,0.439,1.8,2.1,0.855,0.2,2.2,2.4,3.0,1.2,0.2,1.8,2.7,7.7,2106407.0,West,30-33
346,Mike Conley,PG,30,MEM,12,12,31.1,5.3,14.0,0.381,2.0,6.4,0.312,3.3,7.6,0.44,0.452,4.4,5.5,0.8029999999999999,0.0,2.3,2.3,4.1,1.0,0.3,1.5,2.0,17.1,28530608.0,West,30-33
347,Deyonta Davis,C,21,MEM,62,6,15.2,2.6,4.3,0.608,0.0,0.0,0.0,2.6,4.3,0.608,0.608,0.6,0.9,0.667,1.2,2.8,4.0,0.6,0.2,0.6,0.5,2.0,5.8,1312611.0,West,21-24
348,Tyreke Evans,PG,28,MEM,52,32,30.9,7.0,15.6,0.452,2.2,5.5,0.39899999999999997,4.8,10.1,0.48200000000000004,0.523,3.2,4.0,0.785,0.8,4.3,5.1,5.2,1.1,0.3,2.3,1.8,19.4,3290000.0,West,27-30
349,Marc Gasol,C,33,MEM,73,73,33.0,5.9,14.2,0.42,1.5,4.4,0.341,4.5,9.8,0.456,0.473,3.8,4.6,0.8340000000000001,1.1,7.0,8.1,4.2,0.7,1.4,2.7,2.5,17.2,22642350.0,West,33-36
350,JaMychal Green,PF,27,MEM,55,54,28.0,4.1,8.9,0.457,0.8,2.3,0.33899999999999997,3.3,6.6,0.499,0.501,1.5,2.0,0.721,2.7,5.8,8.4,1.4,0.6,0.5,1.4,2.8,10.3,8533333.0,West,27-30
351,Andrew Harrison,PG,23,MEM,56,46,23.7,3.2,7.7,0.42200000000000004,0.8,2.5,0.331,2.4,5.1,0.467,0.47700000000000004,2.2,2.8,0.78,0.4,1.9,2.3,3.2,0.7,0.5,1.4,2.5,9.5,1312611.0,West,21-24
352,Vince Hunter,PF,23,MEM,4,0,1.8,0.8,1.3,0.6,0.0,0.0,0.0,0.8,1.3,0.6,0.6,0.0,0.0,0.0,0.5,0.3,0.8,0.0,0.0,0.3,0.3,0.0,1.5,50000.0,West,21-24
353,Jarell Martin,PF,23,MEM,73,36,22.8,3.0,6.8,0.446,0.5,1.3,0.34700000000000003,2.6,5.5,0.47,0.48,1.2,1.6,0.767,1.3,3.0,4.4,1.0,0.5,0.7,1.2,2.9,7.7,1471382.0,West,21-24
354,Ben McLemore,SG,24,MEM,56,17,19.5,2.8,6.7,0.42100000000000004,1.0,2.8,0.34600000000000003,1.8,3.8,0.47700000000000004,0.495,0.9,1.1,0.828,0.6,1.9,2.5,0.9,0.7,0.3,1.1,2.5,7.5,5200000.0,West,24-27
355,Chandler Parsons,SF,29,MEM,36,8,19.2,3.0,6.5,0.462,1.4,3.4,0.42100000000000004,1.6,3.1,0.504,0.5710000000000001,0.5,0.8,0.63,0.4,2.1,2.5,1.9,0.5,0.3,1.0,1.5,7.9,23112004.0,West,27-30
356,Ivan Rabb,PF,20,MEM,36,5,14.3,2.4,4.2,0.5660000000000001,0.0,0.0,0.0,2.4,4.2,0.5660000000000001,0.5660000000000001,0.8,1.0,0.8059999999999999,1.5,2.9,4.4,0.9,0.3,0.4,1.0,1.5,5.6,950000.0,West,18-21
357,Xavier Rathan-Mayes,SG,23,MEM,5,0,23.6,2.4,8.4,0.28600000000000003,0.2,2.8,0.071,2.2,5.6,0.39299999999999996,0.298,0.8,1.8,0.444,0.0,1.0,1.0,3.6,1.2,0.6,2.2,3.6,5.8,46080.0,West,21-24
358,Wayne Selden,SG,23,MEM,35,9,19.8,3.3,7.7,0.431,1.4,3.5,0.402,1.9,4.2,0.456,0.522,1.3,1.7,0.746,0.5,1.1,1.6,1.9,0.5,0.1,1.5,1.7,9.3,1312611.0,West,21-24
359,Reggie Bullock,SF,26,DET,62,52,27.9,4.3,8.8,0.489,2.0,4.5,0.445,2.3,4.3,0.536,0.603,0.6,0.8,0.7959999999999999,0.4,2.0,2.5,1.5,0.8,0.2,0.8,1.1,11.3,2500000.0,East,24-27
360,Dwight Buycks,PG,28,DET,29,0,14.7,2.8,6.8,0.414,0.5,1.6,0.33299999999999996,2.3,5.3,0.43799999999999994,0.452,1.2,1.4,0.878,0.4,1.0,1.4,2.0,0.7,0.1,1.3,1.3,7.4,748160.0,East,27-30
361,Andre Drummond,C,24,DET,78,78,33.7,6.0,11.3,0.529,0.0,0.1,0.0,6.0,11.2,0.536,0.529,3.1,5.1,0.605,5.1,10.9,16.0,3.0,1.5,1.6,2.6,3.2,15.0,23775506.0,East,24-27
362,Henry Ellenson,PF,21,DET,38,0,8.7,1.4,3.8,0.363,0.5,1.6,0.33299999999999996,0.9,2.3,0.384,0.43200000000000005,0.7,0.8,0.862,0.3,1.9,2.1,0.5,0.1,0.0,0.5,0.6,4.0,1780800.0,East,21-24
363,Langston Galloway,SG,26,DET,58,2,14.9,2.2,5.9,0.371,1.3,3.8,0.344,0.9,2.1,0.418,0.48100000000000004,0.6,0.7,0.805,0.2,1.4,1.6,1.0,0.6,0.1,0.3,0.7,6.2,6666667.0,East,24-27
364,Reggie Jackson,PG,27,DET,45,45,26.7,5.5,12.8,0.426,1.2,3.8,0.308,4.3,9.1,0.475,0.47100000000000003,2.5,3.0,0.836,0.6,2.1,2.8,5.3,0.6,0.1,2.2,1.9,14.6,16000000.0,East,27-30
365,Stanley Johnson,SF,21,DET,69,50,27.4,3.0,8.1,0.375,1.0,3.4,0.28600000000000003,2.1,4.7,0.439,0.435,1.6,2.1,0.772,0.5,3.2,3.7,1.6,1.4,0.2,1.1,2.4,8.7,3097800.0,East,21-24
366,Luke Kennard,SG,21,DET,73,9,20.0,2.8,6.4,0.44299999999999995,1.1,2.7,0.415,1.7,3.7,0.46299999999999997,0.53,0.9,1.0,0.855,0.3,2.1,2.4,1.7,0.6,0.2,0.9,1.2,7.6,2759280.0,East,21-24
367,Jon Leuer,PF,28,DET,8,0,17.0,1.9,4.5,0.41700000000000004,0.0,0.4,0.0,1.9,4.1,0.455,0.41700000000000004,1.6,1.9,0.867,0.9,3.1,4.0,0.6,0.1,0.4,0.9,2.0,5.4,10497319.0,East,27-30
368,Luis Montero,SG,24,DET,2,0,4.0,0.0,0.5,0.0,0.0,0.0,0.0,0.0,0.5,0.0,0.0,0.0,0.0,0.0,0.0,1.0,1.0,0.0,0.0,0.0,1.0,0.0,0.0,50000.0,East,24-27
369,Eric Moreland,PF,26,DET,67,3,12.0,1.0,1.8,0.541,0.0,0.0,0.0,1.0,1.8,0.541,0.541,0.2,0.4,0.379,1.2,2.9,4.1,1.2,0.5,0.8,0.6,1.7,2.1,1739333.0,East,24-27
370,Ish Smith,PG,29,DET,82,35,24.9,4.7,9.8,0.486,0.4,1.2,0.34700000000000003,4.3,8.5,0.506,0.507,1.0,1.4,0.698,0.3,2.4,2.7,4.4,0.8,0.2,1.3,1.7,10.9,6000000.0,East,27-30
371,Anthony Tolliver,PF,32,DET,79,14,22.2,2.8,6.0,0.46399999999999997,2.0,4.6,0.436,0.8,1.4,0.561,0.632,1.3,1.7,0.797,0.6,2.4,3.1,1.1,0.4,0.3,0.7,1.8,8.9,3290000.0,East,30-33
372,Anthony Tolliver,PF,32,DET,79,14,22.2,2.8,6.0,0.46399999999999997,2.0,4.6,0.436,0.8,1.4,0.561,0.632,1.3,1.7,0.797,0.6,2.4,3.1,1.1,0.4,0.3,0.7,1.8,8.9,2000000.0,East,30-33
373,Vince Carter,SF,41,SAC,58,5,17.7,2.0,4.9,0.40299999999999997,1.0,2.8,0.345,1.0,2.0,0.483,0.504,0.5,0.6,0.757,0.3,2.2,2.6,1.2,0.7,0.4,0.6,1.7,5.4,8000000.0,West,
374,Willie Cauley-Stein,C,24,SAC,73,58,28.0,5.3,10.6,0.502,0.0,0.2,0.25,5.3,10.4,0.506,0.504,2.1,3.4,0.619,1.8,5.2,7.0,2.4,1.1,0.9,1.5,2.5,12.8,3704160.0,West,24-27
375,De'Aaron Fox,PG,20,SAC,73,60,27.8,4.5,10.9,0.41200000000000003,0.6,2.1,0.307,3.8,8.8,0.436,0.441,1.9,2.7,0.723,0.5,2.3,2.8,4.4,1.0,0.3,2.4,2.2,11.6,4609200.0,West,18-21
376,Buddy Hield,SG,25,SAC,80,12,25.3,5.2,11.7,0.446,2.2,5.1,0.431,3.0,6.6,0.457,0.54,0.9,1.0,0.877,0.7,3.2,3.8,1.9,1.1,0.3,1.6,1.9,13.5,3675480.0,West,24-27
377,Justin Jackson,SF,22,SAC,68,41,22.1,2.7,6.2,0.442,0.8,2.7,0.308,1.9,3.4,0.547,0.51,0.4,0.5,0.722,0.4,2.4,2.8,1.1,0.4,0.2,0.6,1.2,6.7,2365560.0,West,21-24
378,Kosta Koufos,C,28,SAC,71,13,19.6,3.1,5.5,0.5710000000000001,0.0,0.0,0.0,3.1,5.5,0.5710000000000001,0.5710000000000001,0.5,1.0,0.446,2.1,4.5,6.6,1.2,0.7,0.5,0.7,2.1,6.7,8393000.0,West,27-30
379,Zach Randolph,PF,36,SAC,59,57,25.6,6.1,12.9,0.473,0.9,2.5,0.34700000000000003,5.3,10.4,0.503,0.507,1.4,1.8,0.785,1.6,5.1,6.7,2.2,0.7,0.2,2.0,2.0,14.5,12307692.0,West,36+
380,Garrett Temple,SG,31,SAC,65,35,24.8,3.1,7.3,0.418,1.4,3.5,0.392,1.7,3.8,0.442,0.512,0.9,1.2,0.769,0.3,2.0,2.3,1.9,0.9,0.4,1.2,2.1,8.4,8000000.0,West,30-33
381,Kris Dunn,PG,23,CHI,52,43,29.3,5.5,12.8,0.429,0.8,2.6,0.321,4.7,10.2,0.457,0.462,1.6,2.2,0.737,0.5,3.8,4.3,6.0,2.0,0.5,2.9,3.3,13.4,4046760.0,East,21-24
382,Jerian Grant,PG,25,CHI,74,26,22.8,2.8,6.8,0.41600000000000004,0.8,2.5,0.326,2.0,4.3,0.46799999999999997,0.47600000000000003,1.9,2.5,0.745,0.4,1.9,2.3,4.6,0.9,0.1,1.2,1.8,8.4,1713840.0,East,24-27
383,Justin Holiday,SG,28,CHI,72,72,31.5,4.0,10.9,0.371,2.2,6.2,0.359,1.8,4.6,0.387,0.474,1.9,2.3,0.823,0.4,3.6,4.0,2.1,1.1,0.4,1.3,1.9,12.2,4615385.0,East,27-30
384,Zach LaVine,SG,22,CHI,24,24,27.3,5.7,14.8,0.38299999999999995,1.8,5.1,0.341,3.9,9.7,0.405,0.442,3.6,4.5,0.813,0.4,3.5,3.9,3.0,1.0,0.2,1.8,2.3,16.7,3202217.0,East,21-24
385,Robin Lopez,C,29,CHI,64,64,26.4,5.3,10.1,0.53,0.1,0.2,0.28600000000000003,5.3,9.9,0.536,0.5329999999999999,1.1,1.4,0.7559999999999999,2.1,2.4,4.5,1.9,0.2,0.8,1.7,1.7,11.8,13788500.0,East,27-30
386,Lauri Markkanen,PF,20,CHI,68,68,29.7,5.5,12.7,0.434,2.1,5.9,0.36200000000000004,3.4,6.8,0.49700000000000005,0.518,2.1,2.4,0.843,1.2,6.3,7.5,1.2,0.6,0.6,1.2,1.5,15.2,3821640.0,East,18-21
387,David Nwaba,SG,25,CHI,70,21,23.5,2.9,6.0,0.478,0.3,0.7,0.34600000000000003,2.6,5.3,0.496,0.499,1.9,2.9,0.655,1.3,3.4,4.7,1.5,0.8,0.4,1.1,2.3,7.9,1312611.0,East,24-27
388,Cameron Payne,PG,23,CHI,25,14,23.3,3.5,8.6,0.405,1.4,3.6,0.385,2.1,5.0,0.419,0.486,0.5,0.6,0.75,0.7,2.0,2.8,4.5,1.0,0.4,1.4,1.8,8.8,2203440.0,East,21-24
389,Quincy Pondexter,SF,29,CHI,23,1,8.5,0.6,2.1,0.28600000000000003,0.1,1.0,0.136,0.5,1.2,0.40700000000000003,0.316,0.6,0.7,0.8240000000000001,0.3,0.8,1.2,0.4,0.3,0.1,0.5,1.0,2.0,3853931.0,East,27-30
390,Bobby Portis,PF,22,CHI,73,4,22.5,5.2,11.1,0.47100000000000003,1.1,3.1,0.359,4.1,8.1,0.514,0.52,1.6,2.1,0.769,2.2,4.6,6.8,1.7,0.7,0.3,1.4,1.8,13.2,1516320.0,East,21-24
391,Denzel Valentine,SG,24,CHI,77,37,27.2,3.9,9.4,0.41700000000000004,1.9,4.8,0.386,2.1,4.6,0.45,0.517,0.5,0.7,0.745,0.6,4.5,5.1,3.2,0.8,0.1,1.3,2.4,10.2,2186400.0,East,24-27
392,Paul Zipser,SF,23,CHI,54,12,15.3,1.5,4.3,0.34600000000000003,0.7,2.0,0.336,0.8,2.3,0.355,0.425,0.4,0.5,0.76,0.2,2.2,2.4,0.9,0.4,0.3,0.8,1.6,4.0,1312611.0,East,21-24
393,Jeff Green,PF,31,CLE,78,13,23.4,3.8,7.9,0.47700000000000004,0.7,2.2,0.312,3.1,5.7,0.54,0.52,2.6,3.0,0.868,0.8,2.4,3.2,1.3,0.5,0.4,1.0,1.9,10.8,2116955.0,East,30-33
394,LeBron James,PF,33,CLE,82,82,36.9,10.5,19.3,0.542,1.8,5.0,0.36700000000000005,8.6,14.3,0.603,0.59,4.7,6.5,0.731,1.2,7.5,8.6,9.1,1.4,0.9,4.2,1.7,27.5,33285709.0,East,33-36
395,Kyle Korver,SG,36,CLE,73,4,21.6,3.0,6.6,0.45899999999999996,2.2,5.2,0.436,0.8,1.5,0.537,0.628,0.9,1.0,0.889,0.1,2.1,2.3,1.2,0.4,0.4,0.8,1.8,9.2,7000000.0,East,36+
396,Kevin Love,C,29,CLE,59,59,28.0,5.7,12.4,0.45799999999999996,2.3,5.6,0.415,3.3,6.8,0.494,0.552,4.0,4.5,0.88,1.7,7.5,9.3,1.7,0.7,0.4,1.5,2.0,17.6,22642350.0,East,27-30
397,Cedi Osman,SF,22,CLE,61,12,11.0,1.5,3.0,0.484,0.5,1.4,0.368,1.0,1.6,0.586,0.57,0.4,0.8,0.565,0.3,1.7,2.0,0.7,0.4,0.0,0.5,1.3,3.9,2642857.0,East,21-24
398,Iman Shumpert,SG,27,CLE,14,6,19.7,1.6,4.1,0.379,0.5,1.9,0.26899999999999996,1.1,2.3,0.469,0.44,0.8,1.1,0.733,0.5,2.4,2.9,1.2,0.6,0.3,1.1,1.6,4.4,10337079.0,East,27-30
399,J.R. Smith,SG,32,CLE,80,61,28.1,3.0,7.4,0.40299999999999997,1.8,4.8,0.375,1.2,2.7,0.45299999999999996,0.524,0.5,0.7,0.696,0.4,2.6,2.9,1.8,0.9,0.1,1.0,2.0,8.3,13760000.0,East,30-33
400,Tristan Thompson,C,26,CLE,53,22,20.2,2.5,4.4,0.562,0.0,0.0,0.0,2.5,4.4,0.562,0.562,0.8,1.5,0.544,2.4,4.3,6.6,0.6,0.3,0.3,0.7,1.9,5.8,16400000.0,East,24-27
